domain,source_mode,run_id,category,region,rank,overall_score,grade,no_pre_consent_trackers,reject_option_available,equal_accept_reject_effort,no_dark_patterns,post_reject_compliance,transparent_information,cmp_detected,dark_pattern_count,pre_consent_tracker_count,total_pre_consent_cookies
20minutes.fr,real_combined,batch-0,news,FR,64,12,F,10,0,0,30,0,50,Didomi,2,8,6
abc.es,real_combined,batch-0,news,ES,69,60.5,C,0,100,100,100,50,30,Didomi,0,20,24
academia.edu,real_combined,batch-0,education,US/EU,89,11,F,0,0,0,60,0,20,,1,9,10
airbnb.com,real_combined,batch-0,travel,US/EU,49,11,F,0,0,0,60,0,20,OneTrust,1,12,34
allegro.pl,real_combined,batch-0,e-commerce,PL,20,16.5,F,30,0,0,60,0,0,,1,4,3
amazon.de,real_combined,batch-0,e-commerce,DE,13,24,F,60,0,0,60,0,0,,1,2,2
amazon.fr,real_combined,batch-0,e-commerce,FR,14,13.5,F,10,0,0,60,0,20,,1,5,10
arxiv.org,real_combined,batch-0,education,US/EU,91,34,F,100,0,0,60,0,0,,1,0,0
asos.com,real_combined,batch-0,e-commerce,UK/EU,71,34,F,100,0,0,60,0,0,,1,0,2
bbc.co.uk,real_combined,batch-0,news,UK,1,9,F,0,0,0,60,0,0,TrustArc,1,11,23
bol.com,real_combined,batch-0,e-commerce,NL,12,24,F,60,0,0,60,0,0,,1,1,2
booking.com,real_combined,batch-0,travel,NL/EU,48,67.5,C,0,100,100,100,50,100,OneTrust,0,14,19
bund.de,real_combined,batch-0,government,DE,30,35,F,100,0,0,0,0,100,,3,0,0
canva.com,real_combined,batch-0,tech,AU/EU,94,67,C,30,100,100,30,100,50,,2,3,8
carrefour.fr,real_combined,batch-0,e-commerce,FR,17,65,C,10,100,100,100,50,50,OneTrust,0,9,14
cdiscount.com,real_combined,batch-0,e-commerce,FR,74,9,F,10,0,0,30,0,20,,2,7,23
cloudflare.com,real_combined,batch-0,tech,US/EU,92,70,C,30,100,100,100,50,50,OneTrust,0,4,3
cnn.com,real_combined,batch-0,news,US/EU,8,11.5,F,0,0,0,30,0,70,OneTrust,2,20,22
corriere.it,real_combined,batch-0,news,IT,65,11,F,0,0,0,60,0,20,,1,28,49
coursera.org,real_combined,batch-0,education,US/EU,37,67,C,10,100,100,100,50,70,OneTrust,0,9,8
dailymotion.com,real_combined,batch-0,entertainment,FR/EU,87,13.5,F,10,0,0,60,0,20,,1,8,7
data.europa.eu,real_combined,batch-0,government,EU,31,21.5,F,60,0,0,30,0,20,TrustArc,2,1,3
decathlon.fr,real_combined,batch-0,e-commerce,FR,72,17,F,30,0,0,30,0,50,TrustArc,2,5,5
deezer.com,real_combined,batch-0,entertainment,FR/EU,86,13.5,F,10,0,0,60,0,20,,1,8,4
discord.com,real_combined,batch-0,social_media,US/EU,81,67,C,10,100,100,100,50,70,OneTrust,0,9,10
disneyplus.com,real_combined,batch-0,entertainment,US/EU,85,26,F,60,0,0,60,0,20,OneTrust,1,2,1
duolingo.com,real_combined,batch-0,education,US/EU,90,59,D,10,100,100,60,50,50,OneTrust,1,7,12
dw.com,real_combined,batch-0,news,DE,10,18.5,F,30,0,0,60,0,20,Quantcast,1,3,8
ebay.de,real_combined,batch-0,marketplace,DE,59,13.5,F,10,0,0,60,0,20,TrustArc,1,5,14
edx.org,real_combined,batch-0,education,US/EU,38,65,C,10,100,100,100,50,50,OneTrust,0,9,12
elpais.com,real_combined,batch-0,news,ES,4,65.5,C,0,100,100,100,50,80,TrustArc,0,21,26
etsy.com,real_combined,batch-0,marketplace,US/EU,60,24,F,60,0,0,60,0,0,,1,1,2
euronews.com,real_combined,batch-0,news,EU,9,17,F,0,0,0,60,0,80,Didomi,1,26,28
europa.eu,real_combined,batch-0,government,EU,27,24.5,F,60,0,0,30,0,50,OneTrust,2,2,3
expedia.com,real_combined,batch-0,travel,US/EU,98,16.5,F,30,0,0,60,0,0,,1,3,11
facebook.com,real_combined,batch-0,social_media,US/EU,23,31,F,60,0,0,60,0,70,Cookiebot,1,2,0
fnac.com,real_combined,batch-0,e-commerce,FR,73,34,F,100,0,0,60,0,0,,1,0,1
ft.com,real_combined,batch-0,news,UK,61,11.5,F,10,0,0,60,0,0,TrustArc,1,6,14
futurelearn.com,real_combined,batch-0,education,UK,41,9,F,0,0,0,60,0,0,OneTrust,1,20,26
github.com,real_combined,batch-0,tech,US/EU,42,26,F,60,0,0,60,0,20,,1,2,6
gitlab.com,real_combined,batch-0,tech,EU,44,19.5,F,10,0,50,30,0,50,OneTrust,2,6,3
glassdoor.com,real_combined,batch-0,employment,US/EU,97,12,F,10,0,0,30,0,50,OneTrust,2,10,17
gov.uk,real_combined,batch-0,government,UK,29,74.5,C,60,100,100,100,50,20,,0,1,1
hm.com,real_combined,batch-0,e-commerce,SE/EU,16,34,F,100,0,0,60,0,0,,1,0,3
idealo.de,real_combined,batch-0,marketplace,DE,78,34,F,100,0,0,60,0,0,,1,0,3
ikea.com,real_combined,batch-0,e-commerce,SE/EU,15,74.5,C,60,100,100,60,50,80,OneTrust,1,2,3
imdb.com,real_combined,batch-0,entertainment,US/EU,84,64,C,10,100,100,30,100,70,TrustArc,2,6,6
indeed.com,real_combined,batch-0,employment,US/EU,96,51.5,D,10,100,100,60,0,50,OneTrust,1,5,17
ing.com,real_combined,batch-0,finance,NL/EU,57,57.5,D,10,100,100,100,0,50,,0,7,15
instagram.com,real_combined,batch-0,social_media,US/EU,24,27,F,60,0,0,60,0,30,Cookiebot,1,2,1
kayak.com,real_combined,batch-0,travel,US/EU,100,11.5,F,10,0,0,60,0,0,Cookiebot,1,7,18
khanacademy.org,real_combined,batch-0,education,US/EU,39,16.5,F,10,0,50,30,0,20,OneTrust,2,6,4
lemonde.fr,real_combined,batch-0,news,FR,2,11.5,F,0,0,0,30,0,70,,2,4,7
leroymerlin.fr,real_combined,batch-0,e-commerce,FR,75,24,F,60,0,0,60,0,0,,1,1,1
lesechos.fr,real_combined,batch-0,news,FR,70,34,F,100,0,0,60,0,0,,1,0,0
linkedin.com,real_combined,batch-0,social_media,US/EU,25,59.5,D,0,100,100,100,50,20,,0,4,11
mastodon.social,real_combined,batch-0,social_media,EU,83,28,F,60,0,0,60,0,40,,1,1,0
mediamarkt.de,real_combined,batch-0,e-commerce,DE,18,53.5,D,10,100,100,60,0,70,TrustArc,1,6,9
mozilla.org,real_combined,batch-0,tech,US/EU,45,56.5,D,60,100,100,30,0,20,TrustArc,2,1,0
n-tv.de,real_combined,batch-0,news,DE,63,11.5,F,10,0,0,60,0,0,,1,10,4
n26.com,real_combined,batch-0,finance,DE/EU,56,69,C,30,100,100,60,50,100,OneTrust,1,3,5
netflix.com,real_combined,batch-0,entertainment,US/EU,34,60.5,C,10,100,100,100,0,80,OneTrust,0,6,8
nos.nl,real_combined,batch-0,news,NL,67,11.5,F,10,0,0,60,0,0,,1,6,11
nytimes.com,real_combined,batch-0,news,US/EU,7,51,D,0,100,100,60,0,70,,1,10,20
openclassrooms.com,real_combined,batch-0,education,FR/EU,40,11,F,0,0,0,60,0,20,Cookiebot,1,14,11
otto.de,real_combined,batch-0,e-commerce,DE,19,61.5,C,30,100,100,60,0,100,OneTrust,1,1,4
paypal.com,real_combined,batch-0,finance,US/EU,53,11,F,0,0,0,60,0,20,,1,4,11
pinterest.com,real_combined,batch-0,social_media,US/EU,80,13.5,F,10,0,0,60,0,20,,1,6,6
politico.eu,real_combined,batch-0,news,EU,62,11,F,0,0,0,60,0,20,TrustArc,1,11,20
publico.es,real_combined,batch-0,news,ES,68,13,F,0,0,0,60,0,40,Didomi,1,18,26
rakuten.fr,real_combined,batch-0,marketplace,FR,77,11.5,F,10,0,0,60,0,0,,1,6,4
reddit.com,real_combined,batch-0,social_media,US/EU,21,34,F,100,0,0,60,0,0,,1,0,1
repubblica.it,real_combined,batch-0,news,IT,5,34,F,100,0,0,60,0,0,,1,0,0
revolut.com,real_combined,batch-0,finance,UK/EU,55,68.5,C,60,100,100,60,50,20,,1,2,4
ryanair.com,real_combined,batch-0,travel,IE/EU,50,34,F,30,0,100,30,0,70,,2,4,7
service-public.fr,real_combined,batch-0,government,FR,28,24,F,60,0,0,60,0,0,,1,2,5
skyscanner.net,real_combined,batch-0,travel,UK/EU,51,11.5,F,10,0,0,60,0,0,,1,7,4
snapchat.com,real_combined,batch-0,social_media,US/EU,82,41,D,100,0,0,60,0,70,TrustArc,1,0,4
soundcloud.com,real_combined,batch-0,entertainment,DE/EU,36,64.5,C,0,100,100,100,50,70,OneTrust,0,24,10
spiegel.de,real_combined,batch-0,news,DE,3,16.5,F,30,0,0,60,0,0,TrustArc,1,4,3
spotify.com,real_combined,batch-0,entertainment,SE/EU,32,67,C,10,100,100,100,50,70,OneTrust,0,9,4
stackoverflow.com,real_combined,batch-0,tech,US/EU,43,24,F,60,0,0,60,0,0,,1,2,1
stripe.com,real_combined,batch-0,finance,US/EU,58,62.5,C,30,100,100,100,0,50,,0,3,0
tagesschau.de,real_combined,batch-0,news,DE,66,16.5,F,30,0,0,60,0,0,,1,5,3
theguardian.com,real_combined,batch-0,news,UK,6,24,F,60,0,0,60,0,0,,1,2,7
tiktok.com,real_combined,batch-0,social_media,US/EU,26,14,F,0,0,0,60,0,50,Cookiebot,1,5,8
trainline.com,real_combined,batch-0,travel,UK/EU,99,11.5,F,0,0,0,30,0,70,OneTrust,2,16,11
tripadvisor.com,real_combined,batch-0,travel,US/EU,52,24,F,60,0,0,60,0,0,,1,1,2
twitch.tv,real_combined,batch-0,entertainment,US/EU,35,64,C,10,100,100,30,100,70,TrustArc,2,9,10
udemy.com,real_combined,batch-0,education,US/EU,88,51,D,0,100,100,60,0,70,OneTrust,1,18,33
vinted.com,real_combined,batch-0,marketplace,LT/EU,79,19,F,0,0,50,30,0,70,OneTrust,2,14,13
wikipedia.org,real_combined,batch-0,tech,EU,47,36,F,100,0,0,60,0,20,,1,0,7
wise.com,real_combined,batch-0,finance,UK/EU,54,18.5,F,30,0,0,60,0,20,Cookiebot,1,5,4
x.com,real_combined,batch-0,social_media,US/EU,22,9,F,10,0,0,30,0,20,TrustArc,2,5,5
youtube.com,real_combined,batch-0,entertainment,US/EU,33,75,B,30,100,100,100,50,100,TrustArc,0,5,5
zoom.us,real_combined,batch-0,tech,US/EU,95,65,C,10,100,100,100,50,50,OneTrust,0,7,10
1177.se,real_combined,batch-1,health,SE,100,18.5,F,30,0,0,60,0,20,OneTrust,1,5,5
aboutyou.de,real_combined,batch-1,e-commerce,DE,14,65.5,C,10,100,100,60,100,40,TrustArc,1,6,2
adecco.com,real_combined,batch-1,employment,CH,95,37,F,60,0,50,30,0,100,OneTrust,2,2,1
admin.ch,real_combined,batch-1,government,CH,80,11.5,F,10,0,0,60,0,0,,1,8,8
amazon.com,real_combined,batch-1,e-commerce,US,2,9,F,0,0,0,60,0,0,,1,42,15
ansa.it,real_combined,batch-1,news,IT,8,6.5,F,0,0,0,30,0,20,,2,17,10
arte.tv,real_combined,batch-1,entertainment,FR,18,36,F,100,0,0,60,0,20,,1,0,1
barclays.co.uk,real_combined,batch-1,finance,UK,81,16.5,F,30,0,0,60,0,0,TrustArc,1,3,3
bbva.com,real_combined,batch-1,finance,ES,83,73,C,30,100,100,100,50,80,OneTrust,0,4,1
bild.de,real_combined,batch-1,news,DE,6,11.5,F,10,0,0,60,0,0,,1,10,10
bundestag.de,real_combined,batch-1,government,DE,26,31.5,F,100,0,0,30,0,20,,2,0,2
cam.ac.uk,real_combined,batch-1,education,UK,71,18.5,F,30,0,0,60,0,20,,1,4,0
catho.com.br,real_combined,batch-1,employment,BR,93,34,F,100,0,0,60,0,0,,1,0,1
cdkeys.com,real_combined,batch-1,e-commerce,UK,61,58,D,0,100,100,100,0,80,Cookiebot,0,16,15
commerzbank.de,real_combined,batch-1,finance,DE,82,76,B,100,100,100,30,50,40,,2,0,6
congreso.es,real_combined,batch-1,government,ES,77,21.5,F,60,0,0,30,0,20,,2,1,3
coolblue.nl,real_combined,batch-1,e-commerce,NL,62,34,F,100,0,0,60,0,0,TrustArc,1,0,4
dazn.com,real_combined,batch-1,entertainment,UK,67,34,F,100,0,0,60,0,0,,1,0,0
doctissimo.fr,real_combined,batch-1,health,FR,47,21.5,F,30,0,0,60,0,50,Didomi,1,3,0
doctolib.fr,real_combined,batch-1,health,FR,49,21.5,F,30,0,0,60,0,50,Quantcast,1,3,7
easyjet.com,real_combined,batch-1,travel,UK,86,31.5,F,30,0,100,60,0,0,TrustArc,1,5,11
elmundo.es,real_combined,batch-1,news,ES,9,62.5,C,0,100,100,100,50,50,Didomi,0,37,32
ethz.ch,real_combined,batch-1,education,CH,72,18.5,F,30,0,0,60,0,20,,1,3,0
google.com,real_combined,batch-1,tech,US,1,29,F,60,0,0,60,0,50,,1,1,3
governo.it,real_combined,batch-1,government,IT,28,27,F,60,0,0,60,0,30,,1,2,5
helsenorge.no,real_combined,batch-1,health,NO,98,36,F,100,0,0,60,0,20,TrustArc,1,0,0
hulu.com,real_combined,batch-1,entertainment,US,17,18.5,F,30,0,0,60,0,20,OneTrust,1,4,1
iberia.com,real_combined,batch-1,travel,ES,40,13.5,F,10,0,0,60,0,20,OneTrust,1,6,2
independent.co.uk,real_combined,batch-1,news,UK,60,9.5,F,0,0,0,30,0,50,,2,10,20
infojobs.it,real_combined,batch-1,employment,IT,44,16.5,F,30,0,0,60,0,0,,1,3,0
infojobs.net,real_combined,batch-1,employment,ES,45,16.5,F,30,0,0,60,0,0,,1,4,8
intesasanpaolo.com,real_combined,batch-1,finance,IT,84,13.5,F,10,0,0,60,0,20,,1,9,10
joyn.de,real_combined,batch-1,entertainment,DE,69,18.5,F,30,0,0,60,0,20,,1,3,3
kleinanzeigen.de,real_combined,batch-1,marketplace,DE,55,18.5,F,30,0,0,60,0,20,,1,4,6
lastampa.it,real_combined,batch-1,news,IT,58,34,F,100,0,0,60,0,0,,1,0,0
lavanguardia.com,real_combined,batch-1,news,ES,59,52,D,0,100,100,100,0,20,Didomi,0,14,2
leboncoin.fr,real_combined,batch-1,marketplace,FR,51,24,F,60,0,0,60,0,0,,1,1,1
liberation.fr,real_combined,batch-1,news,FR,57,24,F,60,0,0,60,0,0,,1,1,1
lmu.de,real_combined,batch-1,education,DE,24,36,F,100,0,0,60,0,20,,1,0,0
lufthansa.com,real_combined,batch-1,travel,DE,37,26,F,60,0,0,60,0,20,TrustArc,1,2,11
marktplaats.nl,real_combined,batch-1,marketplace,NL,52,9,F,0,0,0,60,0,0,,1,10,11
mayoclinic.org,real_combined,batch-1,health,US,97,11.5,F,10,0,0,60,0,0,,1,6,5
mediapart.fr,real_combined,batch-1,news,FR,7,24,F,60,0,0,60,0,0,Cookiebot,1,1,1
microsoft.com,real_combined,batch-1,tech,US,4,16.5,F,30,0,0,60,0,0,Cookiebot,1,4,0
mit.edu,real_combined,batch-1,education,US,21,26,F,60,0,0,60,0,20,,1,2,0
monster.de,real_combined,batch-1,employment,DE,92,24,F,60,0,0,60,0,0,,1,2,0
netdoktor.de,real_combined,batch-1,health,DE,48,26,F,60,0,0,60,0,20,,1,2,1
nhs.uk,real_combined,batch-1,health,UK,46,32,F,60,0,0,60,0,80,Cookiebot,1,2,1
ox.ac.uk,real_combined,batch-1,education,UK,22,16.5,F,10,0,50,30,0,20,TrustArc,2,7,4
parlement.com,real_combined,batch-1,government,FR,79,24,F,60,0,0,60,0,0,,1,1,0
pccomponentes.com,real_combined,batch-1,e-commerce,ES,63,11.5,F,10,0,0,60,0,0,,1,8,5
pole-emploi.fr,real_combined,batch-1,employment,FR,43,18.5,F,30,0,0,60,0,20,,1,5,9
polimi.it,real_combined,batch-1,education,IT,25,71.5,C,10,100,100,100,100,40,,0,8,2
primevideo.com,real_combined,batch-1,entertainment,US,66,18.5,F,30,0,0,60,0,20,Cookiebot,1,3,8
privalia.com,real_combined,batch-1,e-commerce,ES,15,24,F,60,0,0,60,0,0,,1,2,0
rabobank.nl,real_combined,batch-1,finance,NL,85,34,F,100,0,0,60,0,0,,1,0,0
randstad.nl,real_combined,batch-1,employment,NL,94,11.5,F,10,0,0,60,0,0,,1,8,8
reed.co.uk,real_combined,batch-1,employment,UK,91,11.5,F,10,0,0,60,0,0,OneTrust,1,10,10
rijksoverheid.nl,real_combined,batch-1,government,NL,30,24,F,60,0,0,60,0,0,,1,1,5
rtve.es,real_combined,batch-1,entertainment,ES,70,16.5,F,30,0,0,60,0,0,,1,5,0
saludcastillayleon.es,real_combined,batch-1,health,ES,50,18.5,F,30,0,0,60,0,20,,1,3,1
santander.com,real_combined,batch-1,finance,ES,35,26,F,60,0,0,60,0,20,,1,1,6
senato.it,real_combined,batch-1,government,IT,76,18.5,F,30,0,0,60,0,20,,1,4,3
shopify.com,real_combined,batch-1,e-commerce,US,11,47,D,60,0,100,60,0,80,TrustArc,1,1,1
sncf.com,real_combined,batch-1,travel,FR,88,24,F,60,0,0,60,0,0,,1,2,1
sorbonne-universite.fr,real_combined,batch-1,education,FR,23,14,F,30,0,0,30,0,20,TrustArc,2,3,2
stepstone.de,real_combined,batch-1,employment,DE,42,13.5,F,10,0,0,60,0,20,TrustArc,1,7,9
subito.it,real_combined,batch-1,marketplace,IT,53,34,F,100,0,0,60,0,0,,1,0,2
sundhed.dk,real_combined,batch-1,health,DK,99,26,F,60,0,0,60,0,20,,1,2,7
telegraph.co.uk,real_combined,batch-1,news,UK,10,34,F,100,0,0,60,0,0,,1,0,0
thalia.de,real_combined,batch-1,e-commerce,DE,13,13.5,F,10,0,0,60,0,20,TrustArc,1,7,14
thomann.de,real_combined,batch-1,e-commerce,DE,65,18.5,F,30,0,0,60,0,20,Cookiebot,1,2,2
trenitalia.com,real_combined,batch-1,travel,IT,89,9,F,0,0,0,60,0,0,OneTrust,1,11,11
tui.com,real_combined,batch-1,travel,DE,87,16.5,F,30,0,0,60,0,0,,1,4,2
tweedekamer.nl,real_combined,batch-1,government,NL,78,24,F,60,0,0,60,0,0,TrustArc,1,1,5
twitch.com,real_combined,batch-1,entertainment,US,16,64,C,10,100,100,30,100,70,TrustArc,2,8,10
twitter.com,real_combined,batch-1,social_media,US,3,11.5,F,10,0,0,60,0,0,TrustArc,1,4,6
uab.cat,real_combined,batch-1,education,ES,74,14,F,30,0,0,30,0,20,Cookiebot,2,5,0
unieuro.it,real_combined,batch-1,e-commerce,IT,64,11.5,F,10,0,0,60,0,0,OneTrust,1,9,15
unimi.it,real_combined,batch-1,education,IT,75,16.5,F,30,0,0,60,0,0,,1,3,1
upwork.com,real_combined,batch-1,employment,US,41,57,D,0,100,100,100,0,70,OneTrust,0,11,28
uva.nl,real_combined,batch-1,education,NL,73,13.5,F,10,0,0,60,0,20,Cookiebot,1,6,9
wallapop.com,real_combined,batch-1,marketplace,ES,54,34,F,100,0,0,60,0,0,,1,0,0
walmart.com,real_combined,batch-1,e-commerce,US,12,11,F,0,0,0,60,0,20,TrustArc,1,11,29
webmd.com,real_combined,batch-1,health,US,96,19,F,0,0,50,30,0,70,OneTrust,2,14,14
welt.de,real_combined,batch-1,news,DE,56,14,F,30,0,0,30,0,20,,2,5,4
zdf.de,real_combined,batch-1,entertainment,DE,19,34,F,100,0,0,60,0,0,,1,0,0
agenziaentrate.gov.it,real_combined,batch-2,government,IT,72,24,F,60,0,0,60,0,0,,1,1,2
asos.de,real_combined,batch-2,e-commerce,DE,11,24,F,60,0,0,60,0,0,,1,1,2
atresplayer.com,real_combined,batch-2,entertainment,ES,65,9,F,0,0,0,60,0,0,Didomi,1,19,10
belastingdienst.nl,real_combined,batch-2,government,NL,74,24,F,60,0,0,60,0,0,,1,1,9
belfius.be,real_combined,batch-2,finance,BE,77,24.5,F,60,0,0,30,0,50,OneTrust,2,1,3
blocket.se,real_combined,batch-2,marketplace,SE,97,11,F,0,0,0,60,0,20,,1,12,5
boe.es,real_combined,batch-2,government,ES,24,34,F,100,0,0,60,0,0,,1,0,0
bol.de,real_combined,batch-2,e-commerce,DE,60,16.5,F,30,0,0,60,0,0,,1,3,2
britishairways.com,real_combined,batch-2,travel,UK,81,34,F,100,0,0,60,0,0,,1,0,0
cadremploi.fr,real_combined,batch-2,employment,FR,38,11,F,0,0,0,60,0,20,Quantcast,1,11,2
caixabank.com,real_combined,batch-2,finance,ES,30,13.5,F,10,0,0,60,0,20,,1,8,7
clevelandclinic.org,real_combined,batch-2,health,US,91,6.5,F,0,0,0,30,0,20,,2,12,9
condor.com,real_combined,batch-2,travel,DE,82,11,F,0,0,0,60,0,20,Usercentrics,1,11,11
craigslist.org,real_combined,batch-2,marketplace,US,96,34,F,100,0,0,60,0,0,,1,0,2
crunchyroll.com,real_combined,batch-2,entertainment,US,14,24,F,60,0,0,60,0,0,,1,1,3
dailymail.co.uk,real_combined,batch-2,news,UK,10,9,F,0,0,0,60,0,0,TrustArc,1,16,12
dba.dk,real_combined,batch-2,marketplace,DK,50,11.5,F,10,0,0,60,0,0,,1,7,1
decathlon.de,real_combined,batch-2,e-commerce,DE,57,16.5,F,30,0,0,60,0,0,TrustArc,1,5,4
ebay.com,real_combined,batch-2,e-commerce,US,2,11,F,0,0,0,60,0,20,TrustArc,1,21,31
ec.europa.eu,real_combined,batch-2,government,EU,21,24.5,F,60,0,0,30,0,50,OneTrust,2,2,3
elster.de,real_combined,batch-2,government,DE,75,36,F,100,0,0,60,0,20,,1,0,3
ens.psl.eu,real_combined,batch-2,education,FR,19,13.5,F,10,0,0,60,0,20,TrustArc,1,8,3
eprice.it,real_combined,batch-2,e-commerce,IT,59,34,F,100,0,0,60,0,0,,1,0,0
europapress.es,real_combined,batch-2,news,ES,54,11,F,0,0,0,60,0,20,Quantcast,1,12,5
eurowings.com,real_combined,batch-2,travel,DE,32,16.5,F,30,0,0,60,0,0,OneTrust,1,5,8
experteer.com,real_combined,batch-2,employment,DE,89,13,F,0,0,0,60,0,40,Cookiebot,1,9,14
farmaciasdirect.com,real_combined,batch-2,health,ES,45,11,F,0,0,0,60,0,20,Cookiebot,1,11,10
finn.no,real_combined,batch-2,marketplace,NO,98,11.5,F,10,0,0,60,0,0,,1,8,3
finnair.com,real_combined,batch-2,travel,FI,85,16.5,F,30,0,0,60,0,0,,1,5,7
france.tv,real_combined,batch-2,entertainment,FR,63,34,F,100,0,0,60,0,0,Didomi,1,0,0
france24.com,real_combined,batch-2,news,FR,52,32,F,60,0,50,30,0,50,Didomi,2,1,6
gezondheid.be,real_combined,batch-2,health,BE,93,60.5,C,10,100,100,100,0,80,Didomi,0,10,13
gumtree.com,real_combined,batch-2,marketplace,UK,46,13.5,F,10,0,0,60,0,20,OneTrust,1,10,9
harvard.edu,real_combined,batch-2,education,US,66,7,F,10,0,0,30,0,0,,2,6,3
hays.com,real_combined,batch-2,employment,UK,87,11.5,F,10,0,0,60,0,0,TrustArc,1,9,14
healthline.com,real_combined,batch-2,health,US,43,18.5,F,30,0,0,60,0,20,OneTrust,1,5,1
ilsole24ore.com,real_combined,batch-2,news,IT,8,46,D,0,100,100,60,0,20,OneTrust,1,32,17
imperial.ac.uk,real_combined,batch-2,education,UK,17,11.5,F,10,0,0,60,0,0,OneTrust,1,7,5
jobrapido.com,real_combined,batch-2,employment,IT,39,14,F,30,0,0,30,0,20,Cookiebot,2,5,7
larazon.es,real_combined,batch-2,news,ES,9,14,F,0,0,0,60,0,50,Didomi,1,13,5
lefigaro.fr,real_combined,batch-2,news,FR,7,11.5,F,10,0,0,60,0,0,,1,10,3
linkedin.de,real_combined,batch-2,employment,DE,36,52,D,0,100,100,100,0,20,,0,3,8
mango.com,real_combined,batch-2,e-commerce,ES,56,34,F,100,0,0,60,0,0,,1,0,0
manpower.com,real_combined,batch-2,employment,US,90,11.5,F,10,0,0,60,0,0,OneTrust,1,4,5
maxdome.de,real_combined,batch-2,entertainment,DE,62,16.5,F,30,0,0,60,0,0,,1,3,1
mediolanum.it,real_combined,batch-2,finance,IT,78,11.5,F,10,0,0,60,0,0,,1,10,15
milanuncios.com,real_combined,batch-2,marketplace,ES,47,34,F,100,0,0,60,0,0,,1,0,1
mps.it,real_combined,batch-2,finance,IT,29,26.5,F,30,0,0,60,0,100,,1,5,2
n26.de,real_combined,batch-2,finance,DE,80,58.5,D,30,100,100,60,0,70,OneTrust,1,5,5
netdoktor.at,real_combined,batch-2,health,AT,92,18.5,F,30,0,0,60,0,20,,1,3,1
norwegian.com,real_combined,batch-2,travel,NO,34,11.5,F,10,0,0,60,0,0,,1,6,9
olx.pl,real_combined,batch-2,marketplace,PL,99,11,F,0,0,0,60,0,20,OneTrust,1,12,0
paramount.com,real_combined,batch-2,entertainment,US,61,53.5,D,10,100,100,60,0,70,OneTrust,1,7,6
parliament.uk,real_combined,batch-2,government,UK,25,18.5,F,30,0,0,60,0,20,,1,4,3
ricardo.ch,real_combined,batch-2,marketplace,CH,48,57,D,0,100,100,100,0,70,OneTrust,0,16,5
sahibinden.com,real_combined,batch-2,marketplace,TR,100,15.5,F,10,0,0,60,0,40,OneTrust,1,9,17
sciencespo.fr,real_combined,batch-2,education,FR,69,22,F,30,0,50,0,0,70,Cookiebot,3,4,4
senat.fr,real_combined,batch-2,government,FR,22,67,C,60,100,100,100,0,20,TrustArc,0,1,2
sky.com,real_combined,batch-2,news,UK,55,13.5,F,10,0,0,60,0,20,,1,10,14
sky.de,real_combined,batch-2,entertainment,DE,15,34,F,100,0,0,60,0,0,,1,0,0
stanford.edu,real_combined,batch-2,education,US,16,11,F,0,0,0,60,0,20,,1,13,14
sueddeutsche.de,real_combined,batch-2,news,DE,6,13.5,F,10,0,0,60,0,20,OneTrust,1,9,10
telegram.org,real_combined,batch-2,social_media,EU,5,36,F,100,0,0,60,0,20,,1,0,1
terveyskirjasto.fi,real_combined,batch-2,health,FI,94,13.5,F,10,0,0,60,0,20,OneTrust,1,6,3
thuisarts.nl,real_combined,batch-2,health,NL,95,21.5,F,60,0,0,30,0,20,TrustArc,2,1,2
tori.fi,real_combined,batch-2,marketplace,FI,49,11.5,F,10,0,0,60,0,0,,1,8,0
totaljobs.com,real_combined,batch-2,employment,UK,37,12,F,30,0,0,30,0,0,TrustArc,2,4,6
transavia.com,real_combined,batch-2,travel,FR,33,24,F,60,0,0,60,0,0,,1,1,3
triodos.com,real_combined,batch-2,finance,NL,76,92,A,100,100,100,60,100,80,TrustArc,1,0,7
tumblr.com,real_combined,batch-2,social_media,US,3,24,F,60,0,0,60,0,0,,1,2,2
ucl.ac.uk,real_combined,batch-2,education,UK,67,11.5,F,10,0,0,60,0,0,TrustArc,1,5,5
unibo.it,real_combined,batch-2,education,IT,70,15.5,F,30,0,0,0,0,80,,3,5,9
upc.edu,real_combined,batch-2,education,ES,20,16.5,F,30,0,0,60,0,0,Usercentrics,1,4,3
veepee.com,real_combined,batch-2,e-commerce,FR,58,9.5,F,0,0,0,30,0,50,OneTrust,2,11,8
volotea.com,real_combined,batch-2,travel,ES,84,9.5,F,0,0,0,30,0,50,OneTrust,2,12,18
whatsapp.com,real_combined,batch-2,social_media,US,4,24,F,60,0,0,60,0,0,Cookiebot,1,1,3
xing.com,real_combined,batch-2,employment,DE,86,13.5,F,10,0,0,60,0,20,Usercentrics,1,3,7
yahoo.com,real_combined,batch-2,tech,US,1,29,F,60,0,0,60,0,50,,1,1,1
zara.com,real_combined,batch-2,e-commerce,ES,12,34,F,100,0,0,60,0,0,,1,0,0
abc.net.au,real_combined,batch-3,news,AU,59,16.5,F,30,0,0,60,0,0,TrustArc,1,5,17
aegeanair.com,real_combined,batch-3,travel,GR,37,34,F,100,0,0,60,0,0,,1,0,0
aeroflot.com,real_combined,batch-3,travel,RU,40,24,F,60,0,0,60,0,0,,1,1,2
aliexpress.com,real_combined,batch-3,e-commerce,CN,2,57.5,D,10,100,100,100,0,50,,0,8,9
ameli.fr,real_combined,batch-3,health,FR,48,59.5,D,30,100,100,100,0,20,TrustArc,0,5,6
anibis.ch,real_combined,batch-3,marketplace,CH,52,24,F,60,0,0,60,0,0,,1,2,1
aponet.de,real_combined,batch-3,health,DE,97,33.5,F,100,0,0,30,0,40,,2,0,1
bancapopolare.it,real_combined,batch-3,finance,IT,83,18.5,F,30,0,0,60,0,20,Cookiebot,1,5,3
bankinter.com,real_combined,batch-3,finance,ES,34,62.5,C,30,100,100,100,0,50,OneTrust,0,4,18
bazos.cz,real_combined,batch-3,marketplace,CZ,54,18.5,F,30,0,0,60,0,20,Cookiebot,1,2,4
bing.com,real_combined,batch-3,tech,US,1,32,F,0,0,100,60,0,80,Cookiebot,1,4,26
bmg.bund.de,real_combined,batch-3,government,DE,76,24,F,60,0,0,60,0,0,,1,1,0
boulanger.com,real_combined,batch-3,e-commerce,FR,13,34,F,100,0,0,60,0,0,,1,0,0
brusselsairlines.com,real_combined,batch-3,travel,BE,38,18.5,F,30,0,0,60,0,20,TrustArc,1,4,8
cbs.nl,real_combined,batch-3,government,NL,30,16.5,F,30,0,0,60,0,0,,1,5,7
columbia.edu,real_combined,batch-3,education,US,71,24,F,60,0,0,60,0,0,,1,2,3
credem.it,real_combined,batch-3,finance,IT,33,62,C,10,100,100,100,50,20,,0,6,6
custojusto.pt,real_combined,batch-3,marketplace,PT,53,18.5,F,30,0,0,60,0,20,Cookiebot,1,5,1
data.gov.uk,real_combined,batch-3,government,UK,26,67,C,60,100,100,100,0,20,TrustArc,0,1,1
dauphine.psl.eu,real_combined,batch-3,education,FR,74,52,D,10,100,100,30,0,100,,2,4,6
diplomatie.gouv.fr,real_combined,batch-3,government,FR,77,74.5,C,100,100,100,30,0,100,,2,0,7
discoveryplus.com,real_combined,batch-3,entertainment,US,66,13.5,F,10,0,0,60,0,20,OneTrust,1,7,11
dkb.de,real_combined,batch-3,finance,DE,35,18.5,F,10,0,0,60,0,70,Usercentrics,1,8,9
doctoralia.com,real_combined,batch-3,health,ES,98,67.5,C,0,100,100,100,50,100,OneTrust,0,19,12
esteri.it,real_combined,batch-3,government,IT,78,13.5,F,10,0,0,60,0,20,,1,5,28
exteriores.gob.es,real_combined,batch-3,government,ES,79,11.5,F,10,0,0,60,0,0,,1,8,10
faz.net,real_combined,batch-3,news,DE,6,11.5,F,10,0,0,60,0,0,OneTrust,1,7,4
filmin.es,real_combined,batch-3,entertainment,ES,70,59.5,D,0,100,100,100,50,20,,0,12,14
gesundheitsinformation.de,real_combined,batch-3,health,DE,47,24,F,60,0,0,60,0,0,,1,2,0
government.nl,real_combined,batch-3,government,NL,80,24,F,60,0,0,60,0,0,,1,2,5
gratka.pl,real_combined,batch-3,marketplace,PL,55,11,F,0,0,0,60,0,20,,1,8,6
guliver.de,real_combined,batch-3,employment,DE,42,13.5,F,10,0,0,60,0,20,,1,7,5
handelsblatt.de,real_combined,batch-3,news,DE,56,18.5,F,30,0,0,60,0,20,,1,3,2
hu-berlin.de,real_combined,batch-3,education,DE,73,34,F,100,0,0,60,0,0,,1,0,0
icelandair.com,real_combined,batch-3,travel,IS,88,41,D,60,0,100,60,0,20,OneTrust,1,1,2
ilmessaggero.it,real_combined,batch-3,news,IT,8,6.5,F,0,0,0,30,0,20,TrustArc,2,13,5
inps.it,real_combined,batch-3,government,IT,28,74.5,C,30,100,100,100,100,20,,0,4,16
jobnet.dk,real_combined,batch-3,employment,DK,95,9,F,10,0,0,30,0,20,Cookiebot,2,8,0
jobs.ch,real_combined,batch-3,employment,CH,93,26,F,60,0,0,60,0,20,TrustArc,1,2,5
jobteaser.com,real_combined,batch-3,employment,FR,91,36.5,F,30,0,100,60,0,50,Didomi,1,4,11
karriere.at,real_combined,batch-3,employment,AT,92,24,F,60,0,0,60,0,0,,1,1,2
kbc.be,real_combined,batch-3,finance,BE,85,18.5,F,30,0,0,60,0,20,Cookiebot,1,3,7
kcl.ac.uk,real_combined,batch-3,education,UK,22,62,C,10,100,100,100,50,20,OneTrust,0,8,3
kry.se,real_combined,batch-3,health,SE,100,18.5,F,30,0,0,60,0,20,Usercentrics,1,4,0
leparisien.fr,real_combined,batch-3,news,FR,57,66.5,C,10,100,100,60,100,50,Didomi,1,7,6
lidl.de,real_combined,batch-3,e-commerce,DE,12,24,F,60,0,0,60,0,0,OneTrust,1,2,0
lot.com,real_combined,batch-3,travel,PL,39,34,F,100,0,0,60,0,0,,1,0,0
luxair.lu,real_combined,batch-3,travel,LU,90,21.5,F,30,0,0,60,0,50,Didomi,1,4,5
mediaworld.it,real_combined,batch-3,e-commerce,IT,14,24,F,60,0,0,60,0,0,TrustArc,1,1,3
medlineplus.gov,real_combined,batch-3,health,US,46,9,F,0,0,0,60,0,0,TrustArc,1,7,6
michaelpage.com,real_combined,batch-3,employment,UK,41,9,F,10,0,0,30,0,20,OneTrust,2,6,4
miodottore.it,real_combined,batch-3,health,IT,99,26,F,0,0,100,60,0,20,OneTrust,1,13,12
mirror.co.uk,real_combined,batch-3,news,UK,10,16,F,0,0,0,60,0,70,Quantcast,1,21,8
mitele.es,real_combined,batch-3,entertainment,ES,20,13.5,F,10,0,0,60,0,20,,1,7,1
molotov.tv,real_combined,batch-3,entertainment,FR,18,17,F,30,0,0,30,0,50,Didomi,2,5,2
notino.de,real_combined,batch-3,e-commerce,DE,61,11.5,F,10,0,0,60,0,0,Usercentrics,1,8,15
nouvelobs.com,real_combined,batch-3,news,FR,7,14,F,10,0,0,30,0,70,,2,7,5
peacocktv.com,real_combined,batch-3,entertainment,US,16,24,F,60,0,0,60,0,0,OneTrust,1,1,2
pegasus.com.tr,real_combined,batch-3,travel,TR,87,16.5,F,30,0,0,60,0,0,,1,4,1
polytechnique.edu,real_combined,batch-3,education,FR,24,9,F,10,0,0,30,0,20,TrustArc,2,7,2
postbank.de,real_combined,batch-3,finance,DE,81,18.5,F,30,0,0,60,0,20,Usercentrics,1,4,2
pracuj.pl,real_combined,batch-3,employment,PL,94,18.5,F,30,0,0,60,0,20,,1,4,9
prosieben.de,real_combined,batch-3,entertainment,DE,17,18.5,F,30,0,0,60,0,20,,1,3,4
regionsjob.com,real_combined,batch-3,employment,FR,43,18.5,F,30,0,0,60,0,20,Cookiebot,1,3,5
reuters.com,real_combined,batch-3,news,US,60,24,F,60,0,0,60,0,0,,1,1,1
sanidad.gob.es,real_combined,batch-3,health,ES,50,9,F,0,0,0,60,0,0,,1,8,5
sas.se,real_combined,batch-3,travel,SE,89,14,F,30,0,0,30,0,20,TrustArc,2,3,2
service-civique.gouv.fr,real_combined,batch-3,government,FR,27,29,F,60,0,0,60,0,50,Didomi,1,2,1
signal.org,real_combined,batch-3,social_media,US,3,34,F,100,0,0,60,0,0,,1,0,0
spartoo.com,real_combined,batch-3,e-commerce,FR,64,56,D,10,100,100,60,50,20,,1,5,6
swiss.com,real_combined,batch-3,travel,CH,36,26,F,60,0,0,60,0,20,TrustArc,1,2,9
tecnoempleo.com,real_combined,batch-3,employment,ES,45,24,F,60,0,0,60,0,0,,1,1,1
timvision.it,real_combined,batch-3,entertainment,IT,69,34,F,100,0,0,60,0,0,,1,0,0
tum.de,real_combined,batch-3,education,DE,23,26,F,60,0,0,60,0,20,TrustArc,1,2,0
tvnow.de,real_combined,batch-3,entertainment,DE,67,38.5,F,30,0,100,60,0,70,Didomi,1,5,1
ubs.com,real_combined,batch-3,finance,CH,31,24,F,60,0,0,60,0,0,,1,1,5
viber.com,real_combined,batch-3,social_media,EU,4,58,D,0,100,100,100,0,80,OneTrust,0,10,10
vinted.de,real_combined,batch-3,marketplace,DE,51,16,F,0,0,0,60,0,70,OneTrust,1,15,14
wechat.com,real_combined,batch-3,social_media,CN,5,34,F,100,0,0,60,0,0,,1,0,0
wish.com,real_combined,batch-3,e-commerce,US,11,44.5,D,10,100,100,0,0,70,Quantcast,3,8,12
wizzair.com,real_combined,batch-3,travel,HU,86,28,F,60,0,0,60,0,40,OneTrust,1,2,1
yale.edu,real_combined,batch-3,education,US,21,9,F,0,0,0,60,0,0,TrustArc,1,6,7
adzuna.co.uk,real_combined,batch-4,employment,UK,42,22,F,0,0,50,30,0,100,TrustArc,2,17,8
allegro.cz,real_combined,batch-4,marketplace,CZ,53,16.5,F,30,0,0,60,0,0,,1,4,3
alsa.es,real_combined,batch-4,travel,ES,88,64,C,10,100,100,100,50,40,Didomi,0,6,13
amazon.es,real_combined,batch-4,e-commerce,ES,65,13.5,F,10,0,0,60,0,20,,1,7,10
avito.ru,real_combined,batch-4,marketplace,RU,52,16.5,F,30,0,0,60,0,0,,1,3,6
bestbuy.com,real_combined,batch-4,e-commerce,US,11,16.5,F,30,0,0,60,0,0,,1,2,10
bfmtv.com,real_combined,batch-4,news,FR,57,19,F,0,0,0,60,0,100,OneTrust,1,13,6
bloomberg.com,real_combined,batch-4,news,US,60,11.5,F,10,0,0,60,0,0,,1,8,11
bmwi.de,real_combined,batch-4,government,DE,27,18.5,F,30,0,0,60,0,20,Cookiebot,1,4,0
boursorama.com,real_combined,batch-4,finance,FR,32,19.5,F,10,0,50,30,0,50,Didomi,2,7,2
bunq.com,real_combined,batch-4,finance,NL,35,75.5,B,10,100,100,100,100,80,TrustArc,0,10,9
caltech.edu,real_combined,batch-4,education,US,71,13.5,F,10,0,0,60,0,20,TrustArc,1,6,4
careerbuilder.com,real_combined,batch-4,employment,US,91,21.5,F,10,0,50,30,0,70,OneTrust,2,5,12
centralesupelec.fr,real_combined,batch-4,education,FR,74,59.5,D,30,100,100,100,0,20,TrustArc,0,5,3
cope.es,real_combined,batch-4,news,ES,59,59.5,D,0,100,100,100,50,20,Didomi,0,20,5
cun.es,real_combined,batch-4,health,ES,50,61,C,10,100,100,60,50,70,Cookiebot,1,7,3
darty.com,real_combined,batch-4,e-commerce,FR,13,34,F,100,0,0,60,0,0,,1,0,1
doctoranytime.gr,real_combined,batch-4,health,GR,98,13.5,F,10,0,0,60,0,20,Cookiebot,1,6,4
doktorsitesi.com,real_combined,batch-4,health,TR,99,46,D,0,100,100,60,0,20,,1,9,15
douglas.de,real_combined,batch-4,e-commerce,DE,62,34,F,100,0,0,60,0,0,,1,0,3
dr.dk,real_combined,batch-4,entertainment,DK,68,26,F,60,0,0,60,0,20,Cookiebot,1,2,4
dropbox.com,real_combined,batch-4,tech,US,1,18.5,F,30,0,0,60,0,20,TrustArc,1,4,10
drugs.com,real_combined,batch-4,health,US,46,34,F,100,0,0,60,0,0,,1,0,0
duunitori.fi,real_combined,batch-4,employment,FI,94,11,F,0,0,0,60,0,20,,1,10,4
economie.gouv.fr,real_combined,batch-4,government,FR,28,16.5,F,30,0,0,60,0,0,,1,3,2
eda.admin.ch,real_combined,batch-4,government,CH,76,26,F,60,0,0,60,0,20,Cookiebot,1,2,0
elperiodico.com,real_combined,batch-4,news,ES,9,64.5,C,0,100,100,100,50,70,Didomi,0,19,4
euronics.it,real_combined,batch-4,e-commerce,IT,14,6.5,F,0,0,0,30,0,20,OneTrust,2,15,25
eurostar.com,real_combined,batch-4,travel,EU,40,17,F,0,0,50,30,0,50,TrustArc,2,11,8
evo.es,real_combined,batch-4,finance,ES,84,19,F,30,0,0,30,0,70,TrustArc,2,4,6
fanpage.it,real_combined,batch-4,news,IT,58,34,F,100,0,0,60,0,0,,1,0,0
fineco.it,real_combined,batch-4,finance,IT,33,14,F,30,0,0,30,0,20,OneTrust,2,5,4
flixbus.com,real_combined,batch-4,travel,DE,36,11.5,F,10,0,0,60,0,0,Usercentrics,1,6,9
hasznaltauto.hu,real_combined,batch-4,marketplace,HU,55,24,F,60,0,0,60,0,0,,1,2,1
hec.edu,real_combined,batch-4,education,FR,24,29,F,0,0,100,60,0,50,TrustArc,1,9,8
hype.it,real_combined,batch-4,finance,IT,83,5,F,0,0,0,0,0,50,OneTrust,3,10,6
jameda.de,real_combined,batch-4,health,DE,97,61.5,C,0,100,100,100,50,40,OneTrust,0,15,9
jobbsafari.se,real_combined,batch-4,employment,SE,92,11.5,F,10,0,0,60,0,0,Cookiebot,1,4,2
jobindex.dk,real_combined,batch-4,employment,DK,93,21.5,F,60,0,0,30,0,20,Cookiebot,2,1,1
kit.edu,real_combined,batch-4,education,DE,23,34,F,100,0,0,60,0,0,,1,0,1
la7.it,real_combined,batch-4,entertainment,IT,19,11,F,0,0,0,60,0,20,,1,20,25
lci.fr,real_combined,batch-4,news,FR,7,14,F,0,0,0,60,0,50,OneTrust,1,9,12
line.me,real_combined,batch-4,social_media,JP,3,11.5,F,10,0,0,60,0,0,,1,4,2
lse.ac.uk,real_combined,batch-4,education,UK,22,70,C,10,100,100,100,50,100,OneTrust,0,10,3
lydia-app.com,real_combined,batch-4,finance,FR,82,18.5,F,30,0,0,60,0,20,,1,5,0
mercadolivre.com.br,real_combined,batch-4,marketplace,BR,51,26,F,0,0,100,60,0,20,OneTrust,1,10,7
meteojob.com,real_combined,batch-4,employment,FR,43,16.5,F,30,0,0,60,0,0,,1,4,1
metro.co.uk,real_combined,batch-4,news,UK,10,11,F,0,0,0,60,0,20,Quantcast,1,12,2
monster.es,real_combined,batch-4,employment,ES,45,24,F,60,0,0,60,0,0,,1,2,0
monster.it,real_combined,batch-4,employment,IT,44,24,F,60,0,0,60,0,0,,1,2,0
monzo.com,real_combined,batch-4,finance,UK,85,16.5,F,30,0,0,60,0,0,TrustArc,1,3,1
nationalexpress.com,real_combined,batch-4,travel,UK,89,19.5,F,10,0,50,30,0,50,OneTrust,2,8,8
nav.no,real_combined,batch-4,employment,NO,95,39,F,100,0,0,60,0,50,Cookiebot,1,0,3
nrk.no,real_combined,batch-4,entertainment,NO,67,9,F,0,0,0,60,0,0,,1,4,8
onmeda.de,real_combined,batch-4,health,DE,47,16.5,F,30,0,0,60,0,0,Quantcast,1,4,3
openbank.es,real_combined,batch-4,finance,ES,34,18.5,F,30,0,0,60,0,20,,1,5,6
ouibus.com,real_combined,batch-4,travel,FR,86,24,F,60,0,0,60,0,0,,1,2,1
ouigo.com,real_combined,batch-4,travel,FR,37,33.5,F,10,0,100,60,0,70,TrustArc,1,10,9
paginemediche.it,real_combined,batch-4,health,IT,49,13.5,F,10,0,0,60,0,20,Cookiebot,1,5,6
passeportsante.net,real_combined,batch-4,health,FR,48,24,F,60,0,0,60,0,0,,1,1,3
practo.com,real_combined,batch-4,health,IN,100,16.5,F,30,0,0,60,0,0,,1,3,4
princeton.edu,real_combined,batch-4,education,US,21,16.5,F,30,0,0,60,0,0,TrustArc,1,3,2
quotidiano.net,real_combined,batch-4,news,IT,8,20,F,0,0,50,30,0,80,,2,29,36
regeringen.dk,real_combined,batch-4,government,DK,80,32.5,F,60,0,50,0,0,100,Cookiebot,3,1,3
regjeringen.no,real_combined,batch-4,government,NO,78,14,F,30,0,0,30,0,20,,2,3,4
renfe.com,real_combined,batch-4,travel,ES,39,9,F,10,0,0,30,0,20,OneTrust,2,7,7
rtl.de,real_combined,batch-4,entertainment,DE,17,11.5,F,10,0,0,60,0,0,,1,6,5
saturn.de,real_combined,batch-4,e-commerce,DE,12,34,F,100,0,0,60,0,0,,1,0,2
scalable.capital,real_combined,batch-4,finance,DE,81,26,F,60,0,0,60,0,20,Usercentrics,1,2,0
stern.de,real_combined,batch-4,news,DE,6,11.5,F,10,0,0,60,0,0,,1,8,6
stm.fi,real_combined,batch-4,government,FI,79,36,F,100,0,0,60,0,20,,1,0,3
svtplay.se,real_combined,batch-4,entertainment,SE,69,18.5,F,30,0,0,60,0,20,Cookiebot,1,3,0
tagesspiegel.de,real_combined,batch-4,news,DE,56,11,F,0,0,0,60,0,20,,1,17,24
target.com,real_combined,batch-4,e-commerce,US,2,9,F,0,0,0,60,0,0,,1,16,31
telecinco.es,real_combined,batch-4,entertainment,ES,20,59.5,D,0,100,100,100,50,20,Didomi,0,25,21
tf1.fr,real_combined,batch-4,entertainment,FR,18,65,C,10,100,100,100,50,50,Didomi,0,8,16
traderepublic.com,real_combined,batch-4,finance,DE,31,61,C,60,100,100,60,0,20,TrustArc,1,1,3
uc3m.es,real_combined,batch-4,education,ES,25,13.5,F,10,0,0,60,0,20,,1,4,6
uni-heidelberg.de,real_combined,batch-4,education,DE,73,24,F,60,0,0,60,0,0,,1,1,3
unitn.it,real_combined,batch-4,education,IT,75,16.5,F,30,0,0,60,0,0,,1,3,4
viaplay.com,real_combined,batch-4,entertainment,SE,66,67,C,10,100,100,100,50,70,OneTrust,0,6,5
vk.com,real_combined,batch-4,social_media,RU,5,13.5,F,10,0,0,60,0,20,,1,5,34
vy.no,real_combined,batch-4,travel,NO,90,24,F,60,0,0,60,0,0,,1,1,1
warwick.ac.uk,real_combined,batch-4,education,UK,72,17,F,30,0,0,30,0,50,,2,3,0
weibo.com,real_combined,batch-4,social_media,CN,4,18.5,F,30,0,0,60,0,20,,1,5,12
whitehouse.gov,real_combined,batch-4,government,US,26,34,F,100,0,0,60,0,0,,1,0,1
willhaben.at,real_combined,batch-4,marketplace,AT,54,34,F,100,0,0,60,0,0,,1,0,0
workday.com,real_combined,batch-4,employment,US,41,6.5,F,0,0,0,30,0,20,TrustArc,2,17,6
worten.pt,real_combined,batch-4,e-commerce,PT,15,24,F,60,0,0,60,0,0,,1,2,0
yle.fi,real_combined,batch-4,entertainment,FI,70,18.5,F,30,0,0,60,0,20,,1,2,6
yves-rocher.fr,real_combined,batch-4,e-commerce,FR,63,34,F,100,0,0,60,0,0,,1,0,1
zalando.fr,real_combined,batch-4,e-commerce,FR,61,16.5,F,30,0,0,60,0,0,Usercentrics,1,3,0
zocdoc.com,real_combined,batch-4,health,US,96,24,F,60,0,0,60,0,0,,1,1,1
1881.no,real_combined,batch-5,health,NO,97,18.5,F,10,0,0,60,0,70,Didomi,1,9,13
adnkronos.com,real_combined,batch-5,news,IT,58,11,F,0,0,0,60,0,20,Quantcast,1,20,11
aljazeera.com,real_combined,batch-5,news,QA,60,64.5,C,0,100,100,100,50,70,OneTrust,0,19,8
amazon.it,real_combined,batch-5,e-commerce,IT,11,13.5,F,10,0,0,60,0,20,,1,7,10
amazon.nl,real_combined,batch-5,e-commerce,NL,65,24,F,60,0,0,60,0,0,,1,2,1
antena3.com,real_combined,batch-5,entertainment,ES,20,59.5,D,0,100,100,100,50,20,Didomi,0,14,13
apotheken-umschau.de,real_combined,batch-5,health,DE,47,16.5,F,30,0,0,60,0,0,TrustArc,1,2,3
appletv.com,real_combined,batch-5,entertainment,US,16,26,F,60,0,0,60,0,20,,1,2,1
bahn.de,real_combined,batch-5,travel,DE,39,18.5,F,30,0,0,60,0,20,,1,4,22
bayt.com,real_combined,batch-5,employment,AE,92,16.5,F,10,0,50,30,0,20,TrustArc,2,8,9
berkeley.edu,real_combined,batch-5,education,US,21,24,F,60,0,0,60,0,0,,1,2,1
bmi.bund.de,real_combined,batch-5,government,DE,27,79,B,100,100,100,100,0,40,,0,0,5
bmj.bund.de,real_combined,batch-5,government,DE,76,63,C,60,100,100,60,0,40,,1,1,3
bonprix.de,real_combined,batch-5,e-commerce,DE,61,57,D,30,100,100,30,0,100,,2,3,8
bristol.ac.uk,real_combined,batch-5,education,UK,22,72.5,C,10,100,100,100,100,50,TrustArc,0,9,8
cadenaser.com,real_combined,batch-5,news,ES,59,11,F,0,0,0,60,0,20,Cookiebot,1,29,26
cnews.fr,real_combined,batch-5,news,FR,57,68,C,30,100,100,100,50,30,Didomi,0,5,5
conrad.de,real_combined,batch-5,e-commerce,DE,13,11,F,0,0,0,60,0,20,Cookiebot,1,11,7
degiro.com,real_combined,batch-5,finance,NL,32,20,F,10,0,50,0,0,100,Cookiebot,3,8,2
dice.com,real_combined,batch-5,employment,US,41,9,F,0,0,0,60,0,0,Quantcast,1,37,20
directa.it,real_combined,batch-5,finance,IT,33,52,D,0,100,100,100,0,20,,0,12,6
domestika.org,real_combined,batch-5,employment,ES,45,34,F,100,0,0,60,0,0,,1,0,0
e-sante.fr,real_combined,batch-5,health,FR,48,24,F,60,0,0,60,0,0,,1,2,1
ebay-kleinanzeigen.de,real_combined,batch-5,marketplace,DE,51,18.5,F,30,0,0,60,0,20,,1,5,6
edreams.com,real_combined,batch-5,travel,ES,90,14,F,0,0,0,60,0,50,TrustArc,1,12,29
etoro.com,real_combined,batch-5,finance,IL,81,56.5,D,0,100,100,60,50,50,OneTrust,1,14,6
everydayhealth.com,real_combined,batch-5,health,US,46,64.5,C,0,100,100,100,50,70,OneTrust,0,30,45
express.co.uk,real_combined,batch-5,news,UK,10,16,F,0,0,0,60,0,70,Quantcast,1,16,5
flatex.de,real_combined,batch-5,finance,DE,85,22,F,30,0,50,0,0,70,Cookiebot,3,4,0
focus.de,real_combined,batch-5,news,DE,6,13.5,F,10,0,0,60,0,20,,1,8,11
fu-berlin.de,real_combined,batch-5,education,DE,23,34,F,100,0,0,60,0,0,,1,0,0
giustizia.it,real_combined,batch-5,government,IT,78,21.5,F,60,0,0,30,0,20,,2,2,5
govoyages.com,real_combined,batch-5,travel,FR,89,7.5,F,0,0,0,30,0,30,TrustArc,2,10,30
huffingtonpost.fr,real_combined,batch-5,news,FR,7,13.5,F,10,0,0,60,0,20,,1,8,11
humanitas.it,real_combined,batch-5,health,IT,49,52,D,0,100,100,100,0,20,Cookiebot,0,16,13
indexa.com,real_combined,batch-5,finance,ES,84,11.5,F,10,0,0,60,0,0,,1,5,3
interieur.gouv.fr,real_combined,batch-5,government,FR,28,58,D,60,100,100,0,0,80,TrustArc,3,1,3
interior.gob.es,real_combined,batch-5,government,ES,30,60.5,C,30,100,100,100,0,30,Cookiebot,0,5,0
interno.gov.it,real_combined,batch-5,government,IT,29,17,F,60,0,0,0,0,20,TrustArc,3,2,0
jobstreet.com,real_combined,batch-5,employment,SG,95,9,F,0,0,0,60,0,0,,1,10,13
justice.gouv.fr,real_combined,batch-5,government,FR,77,68,C,100,100,100,0,0,80,,3,0,4
justitie.nl,real_combined,batch-5,government,NL,80,24,F,60,0,0,60,0,0,,1,2,5
kabel1.de,real_combined,batch-5,entertainment,DE,67,18.5,F,30,0,0,60,0,20,,1,4,4
kayak.de,real_combined,batch-5,travel,DE,86,9,F,0,0,0,60,0,0,Cookiebot,1,11,10
kiabi.com,real_combined,batch-5,e-commerce,FR,62,24,F,60,0,0,60,0,0,,1,1,2
laredoute.fr,real_combined,batch-5,e-commerce,FR,14,16.5,F,30,0,0,60,0,0,,1,3,1
lbc.co.uk,real_combined,batch-5,marketplace,UK,54,9,F,10,0,0,30,0,20,,2,9,1
linkedin.fr,real_combined,batch-5,employment,FR,91,62.5,C,0,100,100,100,50,50,,0,6,13
m6.fr,real_combined,batch-5,entertainment,FR,18,9.5,F,0,0,0,30,0,50,OneTrust,2,14,6
manchester.ac.uk,real_combined,batch-5,education,UK,72,62.5,C,0,100,100,100,50,50,OneTrust,0,32,43
mediamarkt.es,real_combined,batch-5,e-commerce,ES,12,18.5,F,30,0,0,60,0,20,TrustArc,1,4,8
medicinenet.com,real_combined,batch-5,health,US,98,19,F,0,0,50,30,0,70,OneTrust,2,26,26
momondo.com,real_combined,batch-5,travel,DK,87,11.5,F,10,0,0,60,0,0,Cookiebot,1,6,18
moneyfarm.com,real_combined,batch-5,finance,IT,83,12.5,F,0,0,50,0,0,50,,3,32,31
n-tv.com,real_combined,batch-5,news,DE,56,9,F,0,0,0,60,0,0,,1,11,4
naukri.com,real_combined,batch-5,employment,IN,93,34,F,100,0,0,60,0,0,,1,0,2
netdoktor.dk,real_combined,batch-5,health,DK,96,12,F,10,0,0,30,0,50,Didomi,2,10,1
nextdoor.com,real_combined,batch-5,social_media,US,5,14,F,0,0,0,60,0,50,TrustArc,1,11,10
nrj.fr,real_combined,batch-5,entertainment,FR,68,16.5,F,30,0,0,60,0,0,,1,3,1
omio.com,real_combined,batch-5,travel,DE,36,18.5,F,10,0,0,60,0,70,,1,9,13
ondacero.es,real_combined,batch-5,news,ES,9,59.5,D,0,100,100,100,50,20,Didomi,0,13,11
opodo.com,real_combined,batch-5,travel,UK,88,14,F,0,0,0,60,0,50,TrustArc,1,10,28
oracle.com,real_combined,batch-5,tech,US,1,34,F,100,0,0,60,0,0,,1,0,5
oui.sncf,real_combined,batch-5,travel,FR,40,24,F,60,0,0,60,0,0,,1,2,8
patient.info,real_combined,batch-5,health,UK,99,11,F,0,0,0,60,0,20,Quantcast,1,17,12
pittarosso.com,real_combined,batch-5,e-commerce,IT,63,6.5,F,0,0,0,30,0,20,,2,12,3
realtime.it,real_combined,batch-5,entertainment,IT,69,13.5,F,10,0,0,60,0,20,OneTrust,1,9,1
roku.com,real_combined,batch-5,entertainment,US,66,13.5,F,10,0,0,60,0,20,Cookiebot,1,3,9
rome2rio.com,real_combined,batch-5,travel,AU,37,24,F,60,0,0,60,0,0,,1,2,2
sanitas.es,real_combined,batch-5,health,ES,100,59.5,D,0,100,100,100,50,20,OneTrust,0,10,11
sat1.de,real_combined,batch-5,entertainment,DE,17,18.5,F,30,0,0,60,0,20,,1,5,4
seek.com.au,real_combined,batch-5,employment,AU,94,9,F,0,0,0,60,0,0,,1,22,35
selfbank.es,real_combined,batch-5,finance,ES,34,14,F,30,0,0,30,0,20,Cookiebot,2,3,1
shpock.com,real_combined,batch-5,marketplace,AT,52,13.5,F,10,0,0,60,0,20,Quantcast,1,6,8
sky.it,real_combined,batch-5,entertainment,IT,19,13.5,F,10,0,0,60,0,20,Quantcast,1,7,12
sprinter.es,real_combined,batch-5,e-commerce,ES,64,24,F,60,0,0,60,0,0,,1,2,1
swissquote.com,real_combined,batch-5,finance,CH,35,62,C,10,100,100,100,50,20,,0,9,5
tgcom24.mediaset.it,real_combined,batch-5,news,IT,8,34,F,100,0,0,60,0,0,,1,0,0
thetrainline.com,real_combined,batch-5,travel,UK,38,11.5,F,0,0,0,30,0,70,OneTrust,2,15,10
threads.net,real_combined,batch-5,social_media,US,3,18.5,F,30,0,0,60,0,20,Cookiebot,1,3,1
topdoctors.es,real_combined,batch-5,health,ES,50,13.5,F,10,0,0,60,0,20,Cookiebot,1,8,10
tradera.com,real_combined,batch-5,marketplace,SE,53,11.5,F,10,0,0,60,0,0,TrustArc,1,10,3
transferwise.com,real_combined,batch-5,finance,UK,31,51.5,D,10,100,100,60,0,50,Cookiebot,1,6,5
ub.edu,real_combined,batch-5,education,ES,25,12.5,F,0,0,50,0,0,50,Cookiebot,3,9,6
unifi.it,real_combined,batch-5,education,IT,75,16.5,F,30,0,0,60,0,0,,1,3,2
univ-paris1.fr,real_combined,batch-5,education,FR,24,52,D,30,100,100,30,0,50,TrustArc,2,4,2
upenn.edu,real_combined,batch-5,education,US,71,11.5,F,10,0,0,60,0,0,TrustArc,1,6,6
usa.gov,real_combined,batch-5,government,US,26,9,F,0,0,0,60,0,0,,1,8,5
wayfair.com,real_combined,batch-5,e-commerce,US,2,11.5,F,10,0,0,60,0,0,,1,10,4
wealthsimple.com,real_combined,batch-5,finance,CA,82,13.5,F,10,0,0,60,0,20,TrustArc,1,9,8
3suisses.fr,real_combined,batch-6,e-commerce,FR,62,18.5,F,30,0,0,60,0,20,,1,4,2
6play.fr,real_combined,batch-6,entertainment,FR,68,9.5,F,0,0,0,30,0,50,OneTrust,2,14,6
ada.com,real_combined,batch-6,health,DE,96,34,F,60,0,50,30,0,70,Cookiebot,2,2,3
almalaurea.it,real_combined,batch-6,employment,IT,93,4.5,F,10,0,0,0,0,20,Cookiebot,3,8,6
alternate.de,real_combined,batch-6,e-commerce,DE,11,31,F,60,0,0,60,0,70,Usercentrics,1,2,3
amazon.co.uk,real_combined,batch-6,e-commerce,UK,15,18.5,F,30,0,0,60,0,20,,1,4,10
auswaertiges-amt.de,real_combined,batch-6,government,DE,27,24,F,60,0,0,60,0,0,,1,1,1
bafa.de,real_combined,batch-6,government,DE,76,33.5,F,100,0,0,30,0,40,,2,0,2
bbc.com,real_combined,batch-6,news,UK,10,9,F,0,0,0,60,0,0,TrustArc,1,10,22
br.de,real_combined,batch-6,news,DE,6,16.5,F,30,0,0,60,0,0,,1,5,3
caf.fr,real_combined,batch-6,government,FR,77,26,F,60,0,0,60,0,20,TrustArc,1,2,27
catawiki.com,real_combined,batch-6,marketplace,NL,53,34,F,100,0,0,60,0,0,,1,0,1
chebanca.it,real_combined,batch-6,finance,IT,83,13.5,F,10,0,0,60,0,20,,1,5,22
chili.com,real_combined,batch-6,entertainment,IT,19,14,F,10,0,0,30,0,70,OneTrust,2,9,2
comdirect.de,real_combined,batch-6,finance,DE,81,47,D,100,0,50,30,0,100,,2,0,4
computrabajo.com,real_combined,batch-6,employment,ES,94,16.5,F,30,0,0,60,0,0,,1,3,6
consorsbank.de,real_combined,batch-6,finance,DE,32,21.5,F,60,0,0,30,0,20,,2,1,18
cornell.edu,real_combined,batch-6,education,US,21,9,F,0,0,0,60,0,0,,1,8,8
culturebox.francetvinfo.fr,real_combined,batch-6,entertainment,FR,18,19,F,30,0,0,30,0,70,Didomi,2,4,5
cv-library.co.uk,real_combined,batch-6,employment,UK,42,11.5,F,10,0,0,60,0,0,OneTrust,1,8,5
degiro.nl,real_combined,batch-6,finance,NL,31,7,F,0,0,0,0,0,70,Cookiebot,3,9,2
depop.com,real_combined,batch-6,marketplace,UK,51,11,F,0,0,0,60,0,20,TrustArc,1,24,28
dica33.it,real_combined,batch-6,health,IT,98,11.5,F,10,0,0,60,0,0,Quantcast,1,6,4
docteurclic.com,real_combined,batch-6,health,FR,48,14,F,0,0,0,60,0,50,Didomi,1,30,20
doveecomemicuro.it,real_combined,batch-6,health,IT,49,16.5,F,10,0,0,60,0,50,Quantcast,1,7,5
dplay.it,real_combined,batch-6,entertainment,IT,69,34,F,100,0,0,60,0,0,,1,0,1
durham.ac.uk,real_combined,batch-6,education,UK,72,9,F,0,0,0,60,0,0,,1,27,23
ecologie.gouv.fr,real_combined,batch-6,government,FR,28,84.5,B,100,100,100,100,50,20,TrustArc,0,0,1
elgiganten.se,real_combined,batch-6,e-commerce,SE,64,14,F,10,0,0,30,0,70,Cookiebot,2,9,1
ema.europa.eu,real_combined,batch-6,government,EU,26,37.5,F,100,0,0,30,0,80,OneTrust,2,0,3
essec.edu,real_combined,batch-6,education,FR,74,52.5,D,0,100,100,0,50,100,,4,15,4
finecobank.com,real_combined,batch-6,finance,IT,34,14,F,30,0,0,30,0,20,OneTrust,2,4,4
fortuneo.fr,real_combined,batch-6,finance,FR,33,17,F,30,0,0,30,0,50,,2,5,10
funimation.com,real_combined,batch-6,entertainment,US,16,65,C,10,100,100,100,50,50,OneTrust,0,7,6
glassdoor.de,real_combined,batch-6,employment,DE,91,11.5,F,0,0,0,30,0,70,OneTrust,2,13,25
hayu.com,real_combined,batch-6,entertainment,UK,66,67.5,C,0,100,100,100,50,100,OneTrust,0,13,6
hood.de,real_combined,batch-6,marketplace,DE,54,13.5,F,10,0,0,60,0,20,Usercentrics,1,7,3
ibs.it,real_combined,batch-6,e-commerce,IT,14,29,F,0,0,100,60,0,50,OneTrust,1,18,18
ilfattoquotidiano.it,real_combined,batch-6,news,IT,58,43.5,D,0,100,100,30,0,40,,2,13,6
imaginbank.com,real_combined,batch-6,finance,ES,84,11,F,0,0,0,60,0,20,,1,7,9
insead.edu,real_combined,batch-6,education,FR,24,9,F,0,0,0,60,0,0,,1,13,9
jobijoba.com,real_combined,batch-6,employment,FR,92,65,C,10,100,100,100,50,50,Didomi,0,7,6
kadaster.nl,real_combined,batch-6,government,NL,80,16.5,F,30,0,0,60,0,0,,1,3,11
lastminute.com,real_combined,batch-6,travel,UK,37,52,D,0,100,100,100,0,20,Cookiebot,0,13,16
liligo.com,real_combined,batch-6,travel,FR,87,23.5,F,30,0,0,60,0,70,TrustArc,1,4,10
linkedin.it,real_combined,batch-6,employment,IT,44,67,C,0,100,100,100,100,20,,0,5,13
livi.co.uk,real_combined,batch-6,health,UK,100,16.5,F,30,0,0,60,0,0,TrustArc,1,3,0
logitravel.com,real_combined,batch-6,travel,ES,40,9,F,0,0,0,60,0,0,,1,7,18
mondadoristore.it,real_combined,batch-6,e-commerce,IT,63,11,F,0,0,0,60,0,20,Cookiebot,1,17,15
morgenpost.de,real_combined,batch-6,news,DE,56,16.5,F,30,0,0,60,0,0,Quantcast,1,4,1
nordea.com,real_combined,batch-6,finance,FI,85,18.5,F,30,0,0,60,0,20,Cookiebot,1,4,2
nottingham.ac.uk,real_combined,batch-6,education,UK,22,62.5,C,0,100,100,100,50,50,OneTrust,0,13,3
ok.ru,real_combined,batch-6,social_media,RU,5,6.5,F,0,0,0,30,0,20,,2,14,34
open.online,real_combined,batch-6,news,IT,8,13,F,0,0,0,60,0,40,Quantcast,1,13,5
orange.es,real_combined,batch-6,entertainment,ES,70,59.5,D,0,100,100,100,50,20,OneTrust,0,14,28
overstock.com,real_combined,batch-6,e-commerce,US,2,24,F,60,0,0,60,0,0,,1,1,0
priceminister.com,real_combined,batch-6,e-commerce,FR,13,11.5,F,10,0,0,60,0,0,,1,6,4
primerempleo.com,real_combined,batch-6,employment,ES,45,6.5,F,0,0,0,30,0,20,Cookiebot,2,10,6
qare.fr,real_combined,batch-6,health,FR,97,62.5,C,0,100,100,100,50,50,Cookiebot,0,22,14
qq.com,real_combined,batch-6,social_media,CN,3,13.5,F,10,0,0,60,0,20,,1,6,21
rakuten.tv,real_combined,batch-6,entertainment,EU,20,64.5,C,30,100,100,100,0,70,OneTrust,0,4,1
redaccionmedica.com,real_combined,batch-6,health,ES,50,24,F,60,0,0,60,0,0,Didomi,1,1,2
rfi.fr,real_combined,batch-6,news,FR,7,80.5,B,60,100,100,100,50,80,Didomi,0,1,5
roberthalf.com,real_combined,batch-6,employment,US,95,70,C,10,100,100,100,50,100,OneTrust,0,9,8
rtlplus.de,real_combined,batch-6,entertainment,DE,67,38.5,F,30,0,100,60,0,70,Didomi,1,5,1
rumbo.es,real_combined,batch-6,travel,ES,89,53.5,D,0,100,100,60,50,20,Cookiebot,1,11,16
rxlist.com,real_combined,batch-6,health,US,46,19,F,0,0,50,30,0,70,OneTrust,2,26,28
salesforce.com,real_combined,batch-6,tech,US,1,34,F,100,0,0,60,0,0,,1,0,2
saludemia.com,real_combined,batch-6,health,ES,99,11,F,0,0,0,60,0,20,,1,8,9
skyscanner.de,real_combined,batch-6,travel,DE,86,11.5,F,10,0,0,60,0,0,,1,8,4
stenaline.com,real_combined,batch-6,travel,SE,90,27.5,F,30,0,50,30,0,80,OneTrust,2,4,4
tchibo.de,real_combined,batch-6,e-commerce,DE,61,79.5,B,30,100,100,100,100,70,OneTrust,0,3,10
thesun.co.uk,real_combined,batch-6,news,UK,60,11,F,0,0,0,60,0,20,OneTrust,1,26,22
todocoleccion.net,real_combined,batch-6,marketplace,ES,55,71.5,C,10,100,100,60,100,100,,1,7,5
uchicago.edu,real_combined,batch-6,education,US,71,9,F,0,0,0,60,0,0,,1,10,17
uni-bonn.de,real_combined,batch-6,education,DE,23,34,F,100,0,0,60,0,0,,1,0,3
uni-freiburg.de,real_combined,batch-6,education,DE,73,24,F,60,0,0,60,0,0,,1,1,0
unipd.it,real_combined,batch-6,education,IT,75,2,F,0,0,0,0,0,20,,3,8,14
uniroma1.it,real_combined,batch-6,education,IT,25,18.5,F,30,0,0,60,0,20,TrustArc,1,3,3
verkkokauppa.com,real_combined,batch-6,e-commerce,FI,65,18.5,F,30,0,0,60,0,20,Usercentrics,1,5,4
vestiairecollective.com,real_combined,batch-6,marketplace,FR,52,14,F,0,0,50,30,0,20,TrustArc,2,12,21
volagratis.com,real_combined,batch-6,travel,IT,39,53.5,D,0,100,100,60,50,20,Cookiebot,1,11,15
volagratis.it,real_combined,batch-6,travel,IT,88,53.5,D,0,100,100,60,50,20,Cookiebot,1,12,17
voyages-sncf.com,real_combined,batch-6,travel,FR,38,24,F,60,0,0,60,0,0,,1,2,8
vozpopuli.com,real_combined,batch-6,news,ES,59,17,F,0,0,0,60,0,80,Didomi,1,27,18
ziprecruiter.com,real_combined,batch-6,employment,US,41,16.5,F,30,0,0,60,0,0,,1,4,5
aferry.com,real_combined,batch-7,travel,UK,40,8.5,F,0,0,0,30,0,40,TrustArc,2,8,11
assurance-maladie.fr,real_combined,batch-7,health,FR,97,54.5,D,10,100,100,100,0,20,TrustArc,0,6,4
autoscout24.de,real_combined,batch-7,marketplace,DE,55,11,F,0,0,0,60,0,20,Cookiebot,1,5,7
auxologico.it,real_combined,batch-7,health,IT,49,63,C,10,100,100,100,50,30,TrustArc,0,7,2
baltictravel.com,real_combined,batch-7,travel,LV,86,11,F,0,0,0,60,0,20,,1,4,25
bancobpm.it,real_combined,batch-7,finance,IT,33,13.5,F,10,0,0,60,0,20,Quantcast,1,6,6
barmer.de,real_combined,batch-7,health,DE,47,43,D,60,0,100,60,0,40,,1,2,22
bricomart.es,real_combined,batch-7,e-commerce,ES,64,24,F,60,0,0,60,0,0,,1,2,1
busbud.com,real_combined,batch-7,travel,CA,37,11,F,0,0,0,60,0,20,OneTrust,1,14,13
cbs.gov.il,real_combined,batch-7,government,IL,80,13.5,F,10,0,0,60,0,20,,1,8,14
cdc.gov,real_combined,batch-7,government,US,26,16.5,F,30,0,0,60,0,0,,1,3,4
cdon.com,real_combined,batch-7,e-commerce,SE,11,13.5,F,10,0,0,60,0,20,Didomi,1,8,4
cvbankas.lt,real_combined,batch-7,employment,LT,91,11,F,0,0,0,60,0,20,Quantcast,1,20,16
cvkeskus.ee,real_combined,batch-7,employment,EE,92,11,F,0,0,0,60,0,20,OneTrust,1,30,28
cvonline.lv,real_combined,batch-7,employment,LV,94,11,F,0,0,0,60,0,20,TrustArc,1,8,4
destatis.de,real_combined,batch-7,government,DE,76,26,F,60,0,0,60,0,20,,1,1,4
dfds.com,real_combined,batch-7,travel,DK,90,16.5,F,10,0,0,60,0,50,Cookiebot,1,7,2
dgt.es,real_combined,batch-7,government,ES,30,13.5,F,10,0,0,60,0,20,Cookiebot,1,6,3
diariodesevilla.es,real_combined,batch-7,news,ES,9,59.5,D,0,100,100,100,50,20,Quantcast,0,22,17
directferries.com,real_combined,batch-7,travel,UK,39,9,F,0,0,0,60,0,0,TrustArc,1,20,25
dnb.no,real_combined,batch-7,finance,NO,82,26,F,60,0,0,60,0,20,,1,2,16
douyin.com,real_combined,batch-7,social_media,CN,4,11,F,0,0,0,60,0,20,,1,16,29
duke.edu,real_combined,batch-7,education,US,71,11,F,0,0,0,60,0,20,,1,4,11
edhec.edu,real_combined,batch-7,education,FR,24,72,C,0,100,100,100,100,70,TrustArc,0,11,5
elkjop.no,real_combined,batch-7,e-commerce,NO,12,14,F,10,0,0,30,0,70,Cookiebot,2,9,1
emploi-store.fr,real_combined,batch-7,employment,FR,43,18.5,F,30,0,0,60,0,20,,1,5,9
erste.at,real_combined,batch-7,finance,AT,85,59.5,D,30,100,100,100,0,20,,0,4,6
exeter.ac.uk,real_combined,batch-7,education,UK,72,65,C,10,100,100,100,50,50,OneTrust,0,9,9
fisterra.com,real_combined,batch-7,health,ES,99,17,F,0,0,50,30,0,50,OneTrust,2,6,14
flixole.com,real_combined,batch-7,entertainment,ES,20,59.5,D,0,100,100,100,50,20,,0,27,15
franceinter.fr,real_combined,batch-7,news,FR,57,62.5,C,0,100,100,100,50,50,Didomi,0,10,4
francetvinfo.fr,real_combined,batch-7,news,FR,7,11.5,F,0,0,0,30,0,70,Quantcast,2,14,7
gamma.nl,real_combined,batch-7,e-commerce,NL,65,56,D,10,100,100,60,50,20,OneTrust,1,8,17
getbybus.com,real_combined,batch-7,travel,HR,36,53.5,D,0,100,100,60,50,20,TrustArc,1,13,20
gigantti.fi,real_combined,batch-7,e-commerce,FI,14,14,F,10,0,0,30,0,70,Cookiebot,2,9,1
handelsbanken.se,real_combined,batch-7,finance,SE,35,36,F,100,0,0,60,0,20,Cookiebot,1,0,0
huffingtonpost.it,real_combined,batch-7,news,IT,8,52,D,0,100,100,100,0,20,,0,20,15
ibm.com,real_combined,batch-7,tech,US,1,17,F,0,0,50,30,0,50,Cookiebot,2,11,21
impots.gouv.fr,real_combined,batch-7,government,FR,28,34,F,100,0,0,60,0,0,TrustArc,1,0,1
ine.es,real_combined,batch-7,government,ES,79,13.5,F,10,0,0,60,0,20,,1,3,12
infinity.it,real_combined,batch-7,entertainment,IT,19,16.5,F,30,0,0,60,0,0,,1,2,2
infoempleo.com,real_combined,batch-7,employment,ES,45,8.5,F,0,0,0,30,0,40,OneTrust,2,12,4
insee.fr,real_combined,batch-7,government,FR,77,24,F,60,0,0,60,0,0,,1,1,3
jyske.dk,real_combined,batch-7,finance,DK,83,27.5,F,60,0,0,30,0,80,Cookiebot,2,2,2
kakao.com,real_combined,batch-7,social_media,KR,3,11.5,F,10,0,0,60,0,0,,1,7,11
kijiji.ca,real_combined,batch-7,marketplace,CA,53,42,D,0,100,100,0,0,70,Quantcast,3,34,26
lcl.fr,real_combined,batch-7,finance,FR,32,62,C,10,100,100,100,50,20,,0,7,8
letgo.com,real_combined,batch-7,marketplace,US,52,34,F,100,0,0,60,0,0,,1,0,0
manomano.fr,real_combined,batch-7,e-commerce,FR,62,14,F,10,0,0,30,0,70,Cookiebot,2,8,9
mercari.com,real_combined,batch-7,marketplace,JP,51,9,F,0,0,0,60,0,0,TrustArc,1,21,19
mobile.de,real_combined,batch-7,marketplace,DE,54,24,F,60,0,0,60,0,0,,1,1,0
mubi.com,real_combined,batch-7,entertainment,UK,66,59,D,10,100,100,60,50,50,Cookiebot,1,8,12
mycanal.fr,real_combined,batch-7,entertainment,FR,18,24,F,60,0,0,60,0,0,,1,1,1
nettdoktor.no,real_combined,batch-7,health,NO,100,16.5,F,30,0,0,60,0,0,,1,2,3
newegg.com,real_combined,batch-7,e-commerce,US,2,54,D,0,100,100,60,0,100,OneTrust,1,26,41
northwestern.edu,real_combined,batch-7,education,US,21,63.5,C,10,100,100,60,100,20,TrustArc,1,9,5
polferries.pl,real_combined,batch-7,travel,PL,89,13.5,F,10,0,0,60,0,20,,1,6,5
power.dk,real_combined,batch-7,e-commerce,DK,13,12.5,F,0,0,0,30,0,80,Cookiebot,2,12,3
profesia.sk,real_combined,batch-7,employment,SK,93,13.5,F,10,0,0,60,0,20,Cookiebot,1,9,5
quironsalud.es,real_combined,batch-7,health,ES,50,24,F,60,0,0,60,0,0,,1,1,7
radiofrance.fr,real_combined,batch-7,entertainment,FR,68,65,C,10,100,100,100,50,50,Didomi,0,7,3
rp-online.de,real_combined,batch-7,news,DE,6,11,F,0,0,0,60,0,20,,1,12,6
s1jobs.com,real_combined,batch-7,employment,UK,42,9,F,0,0,0,60,0,0,TrustArc,1,48,47
skytg24.it,real_combined,batch-7,news,IT,58,11,F,0,0,0,60,0,20,Quantcast,1,12,22
snagajob.com,real_combined,batch-7,employment,US,41,16.5,F,30,0,0,60,0,0,,1,3,1
st-andrews.ac.uk,real_combined,batch-7,education,UK,22,34,F,100,0,0,60,0,0,,1,0,0
standard.co.uk,real_combined,batch-7,news,UK,10,16.5,F,30,0,0,60,0,0,,1,5,2
strava.com,real_combined,batch-7,social_media,US,5,64,C,10,100,100,60,50,100,OneTrust,1,8,5
swedbank.se,real_combined,batch-7,finance,SE,81,18.5,F,30,0,0,60,0,20,Cookiebot,1,5,2
tallink.com,real_combined,batch-7,travel,EE,87,44,D,60,0,100,60,0,50,Cookiebot,1,1,5
tele5.de,real_combined,batch-7,entertainment,DE,67,19,F,0,0,50,30,0,70,OneTrust,2,11,1
tk.de,real_combined,batch-7,health,DE,96,36,F,100,0,0,60,0,20,TrustArc,1,0,5
toggo.de,real_combined,batch-7,entertainment,DE,17,9,F,0,0,0,60,0,0,,1,11,1
uni-hamburg.de,real_combined,batch-7,education,DE,73,26,F,60,0,0,60,0,20,,1,2,2
uni-koeln.de,real_combined,batch-7,education,DE,23,36,F,100,0,0,60,0,20,,1,0,0
unige.it,real_combined,batch-7,education,IT,75,26,F,60,0,0,60,0,20,TrustArc,1,2,0
univ-lyon1.fr,real_combined,batch-7,education,FR,74,47,D,10,100,100,30,0,50,,2,7,10
verywellhealth.com,real_combined,batch-7,health,US,46,16.5,F,30,0,0,60,0,0,,1,3,1
vidal.fr,real_combined,batch-7,health,FR,48,18.5,F,30,0,0,60,0,20,Didomi,1,5,6
viking.de,real_combined,batch-7,e-commerce,DE,61,34,F,100,0,0,60,0,0,,1,0,0
vikingline.com,real_combined,batch-7,travel,FI,88,24,F,60,0,0,60,0,0,,1,1,6
wdr.de,real_combined,batch-7,news,DE,56,16.5,F,30,0,0,60,0,0,,1,3,3
zoll.de,real_combined,batch-7,government,DE,27,26,F,60,0,0,60,0,20,,1,1,3
ademe.fr,real_combined,batch-8,government,FR,28,26,F,60,0,0,60,0,20,,1,2,4
aktia.fi,real_combined,batch-8,finance,FI,83,11,F,0,0,0,60,0,20,Cookiebot,1,12,5
aok.de,real_combined,batch-8,health,DE,96,36,F,100,0,0,60,0,20,,1,0,3
arriva.nl,real_combined,batch-8,travel,NL,89,16.5,F,30,0,0,60,0,0,,1,4,3
azerty.nl,real_combined,batch-8,e-commerce,NL,14,14.5,F,30,0,0,0,0,70,Cookiebot,3,4,4
badoo.com,real_combined,batch-8,social_media,EU,5,11.5,F,10,0,0,60,0,0,,1,6,6
bamf.de,real_combined,batch-8,government,DE,76,38,F,100,0,0,60,0,40,,1,0,5
bath.ac.uk,real_combined,batch-8,education,UK,22,62,C,10,100,100,60,50,80,TrustArc,1,10,3
bcee.lu,real_combined,batch-8,finance,LU,85,18.5,F,30,0,0,60,0,20,TrustArc,1,3,10
bgl.lu,real_combined,batch-8,finance,LU,84,54.5,D,10,100,100,100,0,20,OneTrust,0,5,16
breuninger.com,real_combined,batch-8,e-commerce,DE,61,38.5,F,30,0,100,60,0,70,OneTrust,1,3,9
careerjet.com,real_combined,batch-8,employment,UK,95,9,F,10,0,0,30,0,20,,2,5,7
cisco.com,real_combined,batch-8,tech,US,1,65.5,C,0,100,100,100,50,80,OneTrust,0,14,5
clubhouse.com,real_combined,batch-8,social_media,US,4,13.5,F,10,0,0,60,0,20,,1,6,4
cnam.fr,real_combined,batch-8,health,FR,97,26,F,60,0,0,60,0,20,,1,1,3
cwjobs.co.uk,real_combined,batch-8,employment,UK,42,17.5,F,0,0,50,0,0,100,Cookiebot,3,12,10
cyberport.de,real_combined,batch-8,e-commerce,DE,15,38.5,F,30,0,100,60,0,70,TrustArc,1,4,7
dak.de,real_combined,batch-8,health,DE,47,26.5,F,60,0,0,30,0,70,Usercentrics,2,1,4
danskebank.dk,real_combined,batch-8,finance,DK,81,26,F,60,0,0,60,0,20,OneTrust,1,1,4
deejay.it,real_combined,batch-8,entertainment,IT,19,6.5,F,0,0,0,30,0,20,,2,22,15
em-lyon.com,real_combined,batch-8,education,FR,74,32,F,0,0,100,60,0,80,TrustArc,1,10,10
eurekasante.fr,real_combined,batch-8,health,FR,48,13.5,F,10,0,0,60,0,20,Didomi,1,6,6
europe1.fr,real_combined,batch-8,news,FR,7,15,F,30,0,0,30,0,30,Didomi,2,5,5
expertini.com,real_combined,batch-8,employment,EU,92,11,F,0,0,0,60,0,20,TrustArc,1,10,9
flix.com,real_combined,batch-8,travel,DE,90,11.5,F,10,0,0,60,0,0,Usercentrics,1,7,9
galerieslafayette.com,real_combined,batch-8,e-commerce,FR,62,24,F,60,0,0,60,0,0,,1,2,1
georgetown.edu,real_combined,batch-8,education,US,71,9,F,0,0,0,60,0,0,,1,13,12
glassdoor.co.uk,real_combined,batch-8,employment,UK,91,12,F,10,0,0,30,0,50,OneTrust,2,8,17
goodrx.com,real_combined,batch-8,health,US,46,34,F,100,0,0,60,0,0,,1,0,6
grailed.com,real_combined,batch-8,marketplace,US,54,9,F,0,0,0,60,0,0,,1,17,9
heraldo.es,real_combined,batch-8,news,ES,59,52,D,0,100,100,100,0,20,Didomi,0,23,8
hessenschau.de,real_combined,batch-8,news,DE,56,24,F,60,0,0,60,0,0,,1,2,3
hostelworld.com,real_combined,batch-8,travel,IE,36,19.5,F,10,0,0,60,0,80,TrustArc,1,8,7
hrs.de,real_combined,batch-8,travel,DE,38,18.5,F,10,0,50,30,0,40,OneTrust,2,10,2
imt.fr,real_combined,batch-8,education,FR,24,19,F,30,0,0,30,0,70,,2,5,1
ind.nl,real_combined,batch-8,government,NL,80,24,F,60,0,0,60,0,0,TrustArc,1,2,7
indeed.de,real_combined,batch-8,employment,DE,44,56.5,D,10,100,100,100,0,40,OneTrust,0,6,14
indeed.es,real_combined,batch-8,employment,ES,45,48.5,D,10,100,100,60,0,20,OneTrust,1,6,14
indeed.fr,real_combined,batch-8,employment,FR,43,65,C,10,100,100,100,50,50,OneTrust,0,8,13
infosalus.com,real_combined,batch-8,health,ES,50,13.5,F,10,0,0,60,0,20,Quantcast,1,8,3
issalute.it,real_combined,batch-8,health,IT,49,13.5,F,10,0,0,60,0,20,Cookiebot,1,6,5
jimms.fi,real_combined,batch-8,e-commerce,FI,13,16.5,F,30,0,0,60,0,0,TrustArc,1,5,7
jooble.org,real_combined,batch-8,employment,UA,94,24,F,60,0,0,60,0,0,,1,2,1
kakaotalk.com,real_combined,batch-8,social_media,KR,3,9,F,0,0,0,60,0,0,,1,9,12
lainformacion.com,real_combined,batch-8,news,ES,9,34,F,100,0,0,60,0,0,,1,0,0
leeds.ac.uk,real_combined,batch-8,education,UK,72,18.5,F,30,0,0,60,0,20,,1,3,2
leggo.it,real_combined,batch-8,news,IT,58,6.5,F,0,0,0,30,0,20,TrustArc,2,12,3
lottiefiles.com,real_combined,batch-8,marketplace,EU,55,51,D,0,100,100,60,0,70,TrustArc,1,18,17
macys.com,real_combined,batch-8,e-commerce,US,2,34,F,100,0,0,60,0,0,,1,0,3
midilibre.fr,real_combined,batch-8,news,FR,57,13.5,F,10,0,0,60,0,20,Didomi,1,9,4
minambiente.it,real_combined,batch-8,government,IT,29,24,F,60,0,0,60,0,0,Cookiebot,1,2,0
miteco.gob.es,real_combined,batch-8,government,ES,30,13.5,F,10,0,0,60,0,20,,1,9,0
movistarplus.es,real_combined,batch-8,entertainment,ES,20,59.5,D,0,100,100,100,50,20,OneTrust,0,14,10
ndr.de,real_combined,batch-8,news,DE,6,24,F,60,0,0,60,0,0,,1,2,3
nih.gov,real_combined,batch-8,government,US,26,11,F,0,0,0,60,0,20,TrustArc,1,7,5
now.it,real_combined,batch-8,entertainment,IT,69,24,F,60,0,0,60,0,0,,1,1,0
ocs.fr,real_combined,batch-8,entertainment,FR,68,24,F,60,0,0,60,0,0,,1,1,1
ofpra.gouv.fr,real_combined,batch-8,government,FR,77,47.5,D,30,100,100,0,0,50,TrustArc,3,5,3
politico.com,real_combined,batch-8,news,US,60,7.5,F,0,0,0,30,0,30,,2,45,36
poshmark.com,real_combined,batch-8,marketplace,US,51,9,F,0,0,0,60,0,0,,1,26,25
proshop.dk,real_combined,batch-8,e-commerce,DK,12,16.5,F,30,0,0,60,0,0,Cookiebot,1,3,2
questure.poliziadistato.it,real_combined,batch-8,government,IT,78,11,F,0,0,0,60,0,20,Cookiebot,1,9,6
raiffeisen.at,real_combined,batch-8,finance,AT,31,72,C,30,100,100,100,50,70,OneTrust,0,3,5
rinascente.it,real_combined,batch-8,e-commerce,IT,63,34,F,100,0,0,60,0,0,,1,0,1
seb.se,real_combined,batch-8,finance,SE,35,14,F,30,0,0,30,0,20,OneTrust,2,3,2
seriesyonkis.com,real_combined,batch-8,entertainment,ES,70,11.5,F,10,0,0,60,0,0,,1,5,35
simplyhired.com,real_combined,batch-8,employment,US,41,9,F,0,0,0,60,0,0,OneTrust,1,5,7
sparebank1.no,real_combined,batch-8,finance,NO,82,34,F,100,0,0,60,0,0,,1,0,3
standup.com,real_combined,batch-8,entertainment,US,16,67,C,10,100,100,100,50,70,OneTrust,0,10,3
sundhedsguiden.dk,real_combined,batch-8,health,DK,100,11.5,F,10,0,0,60,0,0,,1,6,2
talent.com,real_combined,batch-8,employment,CA,93,13.5,F,10,0,0,60,0,20,OneTrust,1,7,6
tradeinn.com,real_combined,batch-8,e-commerce,ES,64,21.5,F,10,0,50,30,0,70,OneTrust,2,9,9
trivago.com,real_combined,batch-8,travel,DE,39,24,F,60,0,0,60,0,0,,1,1,0
umweltbundesamt.de,real_combined,batch-8,government,DE,27,34,F,100,0,0,60,0,0,TrustArc,1,0,11
uni-goettingen.de,real_combined,batch-8,education,DE,23,23.5,F,60,0,0,30,0,40,,2,1,1
uni-stuttgart.de,real_combined,batch-8,education,DE,73,36,F,100,0,0,60,0,20,,1,0,1
unicajabanco.com,real_combined,batch-8,finance,ES,34,13.5,F,10,0,0,60,0,20,OneTrust,1,8,4
vide-dressing.com,real_combined,batch-8,marketplace,FR,52,19,F,30,0,0,30,0,70,TrustArc,2,4,6
welt.tv,real_combined,batch-8,entertainment,DE,67,21.5,F,60,0,0,30,0,20,,2,2,7
5miles.com,real_combined,batch-9,marketplace,US,52,34,F,100,0,0,60,0,0,,1,0,0
aifa.gov.it,real_combined,batch-9,government,IT,29,13.5,F,10,0,0,60,0,20,,1,9,15
amtrak.com,real_combined,batch-9,travel,US,38,17,F,0,0,50,30,0,50,OneTrust,2,35,44
ansm.sante.fr,real_combined,batch-9,government,FR,28,16.5,F,30,0,0,60,0,0,,1,4,3
argos.co.uk,real_combined,batch-9,e-commerce,UK,65,34,F,100,0,0,60,0,0,,1,0,3
arquia.com,real_combined,batch-9,finance,ES,34,34,F,100,0,0,60,0,0,,1,0,0
bazos.sk,real_combined,batch-9,marketplace,SK,54,18.5,F,30,0,0,60,0,20,Cookiebot,1,2,4
bestjobs.eu,real_combined,batch-9,employment,RO,45,34,F,100,0,0,60,0,0,,1,0,0
bfarm.de,real_combined,batch-9,government,DE,27,34,F,100,0,0,60,0,0,,1,0,2
birmingham.ac.uk,real_combined,batch-9,education,UK,72,24.5,F,30,0,50,30,0,50,,2,5,5
bka.de,real_combined,batch-9,government,DE,76,33.5,F,100,0,0,30,0,40,,2,0,2
blablacar.com,real_combined,batch-9,travel,FR,36,24,F,60,0,0,60,0,0,,1,1,0
bolha.com,real_combined,batch-9,marketplace,SI,53,9,F,0,0,0,60,0,0,,1,5,22
brown.edu,real_combined,batch-9,education,US,71,13.5,F,10,0,0,60,0,20,,1,6,1
carpooling.com,real_combined,batch-9,travel,DE,37,57.5,D,10,100,100,100,0,50,TrustArc,0,7,6
channel4.com,real_combined,batch-9,news,UK,10,34,F,100,0,0,60,0,0,,1,0,1
citadele.lv,real_combined,batch-9,finance,LV,85,18.5,F,30,0,0,60,0,20,,1,4,4
clan.rtve.es,real_combined,batch-9,entertainment,ES,70,34,F,100,0,0,60,0,0,,1,0,0
computersalg.dk,real_combined,batch-9,e-commerce,DK,13,24,F,60,0,0,60,0,0,,1,2,0
cp.pt,real_combined,batch-9,travel,PT,40,67,C,10,100,100,100,50,70,OneTrust,0,8,4
csob.cz,real_combined,batch-9,finance,CZ,83,11,F,0,0,0,60,0,20,OneTrust,1,16,15
decathlon.es,real_combined,batch-9,e-commerce,ES,63,24,F,60,0,0,60,0,0,,1,2,1
decathlon.it,real_combined,batch-9,e-commerce,IT,62,24,F,60,0,0,60,0,0,,1,2,1
diariovasco.com,real_combined,batch-9,news,ES,59,53,D,0,100,100,100,0,30,Didomi,0,21,20
diaspora.social,real_combined,batch-9,social_media,EU,5,34,F,100,0,0,60,0,0,,1,0,1
dustin.se,real_combined,batch-9,e-commerce,SE,11,13.5,F,10,0,0,60,0,20,,1,7,3
eldiario.es,real_combined,batch-9,news,ES,9,11,F,0,0,0,60,0,20,Didomi,1,21,3
emploi.org,real_combined,batch-9,employment,FR,95,42,D,0,100,100,0,0,70,Quantcast,3,11,4
eurobank.gr,real_combined,batch-9,finance,GR,81,34,F,100,0,0,60,0,0,,1,0,0
fda.gov,real_combined,batch-9,government,US,26,34,F,100,0,0,60,0,0,,1,0,0
focus.it,real_combined,batch-9,entertainment,IT,19,11,F,0,0,0,60,0,20,Cookiebot,1,9,7
fondazioneveronesi.it,real_combined,batch-9,health,IT,49,24.5,F,30,0,0,60,0,80,Didomi,1,4,1
fundaciondelcorazon.com,real_combined,batch-9,health,ES,50,67.5,C,30,100,100,100,0,100,Cookiebot,0,5,1
gazzettadelsud.it,real_combined,batch-9,news,IT,58,19,F,0,0,50,30,0,70,,2,20,11
gettr.com,real_combined,batch-9,social_media,US,4,11,F,0,0,0,60,0,20,,1,14,8
healthgrades.com,real_combined,batch-9,health,US,46,34,F,100,0,0,60,0,0,,1,0,0
hema.nl,real_combined,batch-9,e-commerce,NL,64,11,F,0,0,0,60,0,20,Usercentrics,1,8,19
info-radiologie.ch,real_combined,batch-9,health,CH,48,36,F,100,0,0,60,0,20,,1,0,0
intel.com,real_combined,batch-9,tech,US,1,18.5,F,30,0,0,60,0,20,OneTrust,1,5,9
intersport.de,real_combined,batch-9,e-commerce,DE,61,71.5,C,10,100,100,100,100,40,Usercentrics,0,6,0
kika.de,real_combined,batch-9,entertainment,DE,67,36,F,100,0,0,60,0,20,,1,0,3
knappschaft.de,real_combined,batch-9,health,DE,96,26,F,60,0,0,60,0,20,Usercentrics,1,2,3
laprovence.com,real_combined,batch-9,news,FR,57,62.5,C,0,100,100,100,50,50,OneTrust,0,28,13
linkedin.es,real_combined,batch-9,employment,ES,91,59.5,D,0,100,100,100,50,20,,0,5,13
linkedin.nl,real_combined,batch-9,employment,NL,92,9.5,F,0,0,0,30,0,50,,2,6,13
luminor.ee,real_combined,batch-9,finance,EE,84,24,F,60,0,0,60,0,0,,1,2,1
lumni.fr,real_combined,batch-9,entertainment,FR,68,9,F,10,0,0,30,0,20,Didomi,2,9,6
mdr.de,real_combined,batch-9,news,DE,6,16.5,F,30,0,0,60,0,0,,1,3,3
mgen.fr,real_combined,batch-9,health,FR,97,6.5,F,0,0,0,30,0,20,,2,14,12
monese.com,real_combined,batch-9,finance,UK,35,13.5,F,10,0,0,60,0,20,OneTrust,1,10,2
multitronic.fi,real_combined,batch-9,e-commerce,FI,12,51.5,D,10,100,100,30,50,20,,2,6,1
nordstrom.com,real_combined,batch-9,e-commerce,US,2,24,F,60,0,0,60,0,0,,1,1,1
nyu.edu,real_combined,batch-9,education,US,21,24,F,60,0,0,60,0,0,,1,1,1
offerup.com,real_combined,batch-9,marketplace,US,51,34,F,100,0,0,60,0,0,,1,0,2
parisinfo.com,real_combined,batch-9,travel,FR,88,16.5,F,10,0,0,60,0,50,Didomi,1,6,6
parler.com,real_combined,batch-9,social_media,US,3,69,C,0,100,100,100,100,40,OneTrust,0,9,7
pko.pl,real_combined,batch-9,finance,PL,82,24,F,60,0,0,60,0,0,,1,1,3
police-nationale.interieur.gouv.fr,real_combined,batch-9,government,FR,77,58,D,60,100,100,0,0,80,TrustArc,3,1,3
policia.es,real_combined,batch-9,government,ES,79,31.5,F,100,0,0,30,0,20,,2,0,3
policlinicogemelli.it,real_combined,batch-9,health,IT,98,54.5,D,10,100,100,100,0,20,,0,7,1
politie.nl,real_combined,batch-9,government,NL,80,29,F,60,0,0,60,0,50,,1,1,4
poliziadistato.it,real_combined,batch-9,government,IT,78,11,F,0,0,0,60,0,20,Cookiebot,1,11,6
revolut.de,real_combined,batch-9,finance,DE,31,61,C,30,100,100,60,50,20,,1,3,5
rtl.fr,real_combined,batch-9,news,FR,7,14,F,10,0,0,30,0,70,TrustArc,2,6,5
rueducommerce.fr,real_combined,batch-9,e-commerce,FR,15,18.5,F,30,0,0,60,0,20,Cookiebot,1,3,4
sheffield.ac.uk,real_combined,batch-9,education,UK,22,32,F,60,0,50,30,0,50,OneTrust,2,1,2
sixx.de,real_combined,batch-9,entertainment,DE,17,18.5,F,30,0,0,60,0,20,,1,3,4
spain.info,real_combined,batch-9,travel,ES,90,62.5,C,0,100,100,100,50,50,,0,15,6
ss.lv,real_combined,batch-9,marketplace,LV,55,11,F,0,0,0,60,0,20,,1,8,7
swr.de,real_combined,batch-9,news,DE,56,18.5,F,30,0,0,60,0,20,,1,5,6
tanqeeb.com,real_combined,batch-9,employment,AE,43,24,F,60,0,0,60,0,0,,1,1,1
tg24.sky.it,real_combined,batch-9,news,IT,8,11,F,0,0,0,60,0,20,Quantcast,1,11,21
trainose.gr,real_combined,batch-9,travel,GR,39,11.5,F,10,0,0,60,0,0,Cookiebot,1,9,2
tu-dresden.de,real_combined,batch-9,education,DE,73,34,F,100,0,0,60,0,0,,1,0,0
tubi.tv,real_combined,batch-9,entertainment,US,66,26,F,60,0,0,60,0,20,,1,1,0
turismoroma.it,real_combined,batch-9,travel,IT,89,13.5,F,10,0,0,60,0,20,TrustArc,1,8,0
uni-muenster.de,real_combined,batch-9,education,DE,23,34,F,100,0,0,60,0,0,,1,0,0
unict.it,real_combined,batch-9,education,IT,75,36,F,100,0,0,60,0,20,TrustArc,1,0,0
uniroma3.it,real_combined,batch-9,education,IT,25,13.5,F,10,0,0,60,0,20,,1,7,3
univ-grenoble-alpes.fr,real_combined,batch-9,education,FR,74,34,F,100,0,0,60,0,0,,1,0,1
visitberlin.de,real_combined,batch-9,travel,DE,87,21.5,F,60,0,0,30,0,20,Quantcast,2,1,4
visitlondon.com,real_combined,batch-9,travel,UK,86,11.5,F,10,0,0,60,0,0,Cookiebot,1,10,12
vudu.com,real_combined,batch-9,entertainment,US,16,24,F,60,0,0,60,0,0,,1,1,0
widiba.it,real_combined,batch-9,finance,IT,33,11,F,0,0,0,60,0,20,,1,10,38
wuzzuf.net,real_combined,batch-9,employment,EG,44,9,F,0,0,0,60,0,0,TrustArc,1,36,33
zorgwijzer.nl,real_combined,batch-9,health,NL,100,24,F,60,0,0,60,0,0,,1,1,0