domain,category,region,rank
bbc.co.uk,news,UK,1
lemonde.fr,news,FR,2
spiegel.de,news,DE,3
elpais.com,news,ES,4
repubblica.it,news,IT,5
theguardian.com,news,UK,6
nytimes.com,news,US/EU,7
cnn.com,news,US/EU,8
euronews.com,news,EU,9
dw.com,news,DE,10
zalando.de,e-commerce,DE,11
bol.com,e-commerce,NL,12
amazon.de,e-commerce,DE,13
amazon.fr,e-commerce,FR,14
ikea.com,e-commerce,SE/EU,15
hm.com,e-commerce,SE/EU,16
carrefour.fr,e-commerce,FR,17
mediamarkt.de,e-commerce,DE,18
otto.de,e-commerce,DE,19
allegro.pl,e-commerce,PL,20
reddit.com,social_media,US/EU,21
x.com,social_media,US/EU,22
facebook.com,social_media,US/EU,23
instagram.com,social_media,US/EU,24
linkedin.com,social_media,US/EU,25
tiktok.com,social_media,US/EU,26
europa.eu,government,EU,27
service-public.fr,government,FR,28
gov.uk,government,UK,29
bund.de,government,DE,30
data.europa.eu,government,EU,31
spotify.com,entertainment,SE/EU,32
youtube.com,entertainment,US/EU,33
netflix.com,entertainment,US/EU,34
twitch.tv,entertainment,US/EU,35
soundcloud.com,entertainment,DE/EU,36
coursera.org,education,US/EU,37
edx.org,education,US/EU,38
khanacademy.org,education,US/EU,39
openclassrooms.com,education,FR/EU,40
futurelearn.com,education,UK,41
github.com,tech,US/EU,42
stackoverflow.com,tech,US/EU,43
gitlab.com,tech,EU,44
mozilla.org,tech,US/EU,45
wordpress.com,tech,US/EU,46
wikipedia.org,tech,EU,47
booking.com,travel,NL/EU,48
airbnb.com,travel,US/EU,49
ryanair.com,travel,IE/EU,50
skyscanner.net,travel,UK/EU,51
tripadvisor.com,travel,US/EU,52
paypal.com,finance,US/EU,53
wise.com,finance,UK/EU,54
revolut.com,finance,UK/EU,55
n26.com,finance,DE/EU,56
ing.com,finance,NL/EU,57
stripe.com,finance,US/EU,58
ebay.de,marketplace,DE,59
etsy.com,marketplace,US/EU,60
ft.com,news,UK,61
politico.eu,news,EU,62
n-tv.de,news,DE,63
20minutes.fr,news,FR,64
corriere.it,news,IT,65
tagesschau.de,news,DE,66
nos.nl,news,NL,67
publico.es,news,ES,68
abc.es,news,ES,69
lesechos.fr,news,FR,70
asos.com,e-commerce,UK/EU,71
decathlon.fr,e-commerce,FR,72
fnac.com,e-commerce,FR,73
cdiscount.com,e-commerce,FR,74
leroymerlin.fr,e-commerce,FR,75
elcorteingles.es,e-commerce,ES,76
rakuten.fr,marketplace,FR,77
idealo.de,marketplace,DE,78
vinted.com,marketplace,LT/EU,79
pinterest.com,social_media,US/EU,80
discord.com,social_media,US/EU,81
snapchat.com,social_media,US/EU,82
mastodon.social,social_media,EU,83
imdb.com,entertainment,US/EU,84
disneyplus.com,entertainment,US/EU,85
deezer.com,entertainment,FR/EU,86
dailymotion.com,entertainment,FR/EU,87
udemy.com,education,US/EU,88
academia.edu,education,US/EU,89
duolingo.com,education,US/EU,90
arxiv.org,education,US/EU,91
cloudflare.com,tech,US/EU,92
adobe.com,tech,US/EU,93
canva.com,tech,AU/EU,94
zoom.us,tech,US/EU,95
indeed.com,employment,US/EU,96
glassdoor.com,employment,US/EU,97
expedia.com,travel,US/EU,98
trainline.com,travel,UK/EU,99
kayak.com,travel,US/EU,100
google.com,tech,US,101
amazon.com,e-commerce,US,102
twitter.com,social_media,US,103
microsoft.com,tech,US,104
apple.com,tech,US,105
bild.de,news,DE,106
mediapart.fr,news,FR,107
ansa.it,news,IT,108
elmundo.es,news,ES,109
telegraph.co.uk,news,UK,110
shopify.com,e-commerce,US,111
walmart.com,e-commerce,US,112
thalia.de,e-commerce,DE,113
aboutyou.de,e-commerce,DE,114
privalia.com,e-commerce,ES,115
twitch.com,entertainment,US,116
hulu.com,entertainment,US,117
arte.tv,entertainment,FR,118
zdf.de,entertainment,DE,119
rai.it,entertainment,IT,120
mit.edu,education,US,121
ox.ac.uk,education,UK,122
sorbonne-universite.fr,education,FR,123
lmu.de,education,DE,124
polimi.it,education,IT,125
bundestag.de,government,DE,126
assemblee-nationale.fr,government,FR,127
governo.it,government,IT,128
gobierno.es,government,ES,129
rijksoverheid.nl,government,NL,130
hsbc.com,finance,UK,131
bnpparibas.com,finance,FR,132
deutschebank.de,finance,DE,133
unicredit.it,finance,IT,134
santander.com,finance,ES,135
booking.nl,travel,NL,136
lufthansa.com,travel,DE,137
airfrance.com,travel,FR,138
alitalia.com,travel,IT,139
iberia.com,travel,ES,140
upwork.com,employment,US,141
stepstone.de,employment,DE,142
pole-emploi.fr,employment,FR,143
infojobs.it,employment,IT,144
infojobs.net,employment,ES,145
nhs.uk,health,UK,146
doctissimo.fr,health,FR,147
netdoktor.de,health,DE,148
doctolib.fr,health,FR,149
saludcastillayleon.es,health,ES,150
leboncoin.fr,marketplace,FR,151
marktplaats.nl,marketplace,NL,152
subito.it,marketplace,IT,153
wallapop.com,marketplace,ES,154
kleinanzeigen.de,marketplace,DE,155
welt.de,news,DE,156
liberation.fr,news,FR,157
lastampa.it,news,IT,158
lavanguardia.com,news,ES,159
independent.co.uk,news,UK,160
cdkeys.com,e-commerce,UK,161
coolblue.nl,e-commerce,NL,162
pccomponentes.com,e-commerce,ES,163
unieuro.it,e-commerce,IT,164
thomann.de,e-commerce,DE,165
primevideo.com,entertainment,US,166
dazn.com,entertainment,UK,167
canal-plus.com,entertainment,FR,168
joyn.de,entertainment,DE,169
rtve.es,entertainment,ES,170
cam.ac.uk,education,UK,171
ethz.ch,education,CH,172
uva.nl,education,NL,173
uab.cat,education,ES,174
unimi.it,education,IT,175
senato.it,government,IT,176
congreso.es,government,ES,177
tweedekamer.nl,government,NL,178
parlement.com,government,FR,179
admin.ch,government,CH,180
barclays.co.uk,finance,UK,181
commerzbank.de,finance,DE,182
bbva.com,finance,ES,183
intesasanpaolo.com,finance,IT,184
rabobank.nl,finance,NL,185
easyjet.com,travel,UK,186
tui.com,travel,DE,187
sncf.com,travel,FR,188
trenitalia.com,travel,IT,189
vueling.com,travel,ES,190
reed.co.uk,employment,UK,191
monster.de,employment,DE,192
catho.com.br,employment,BR,193
randstad.nl,employment,NL,194
adecco.com,employment,CH,195
webmd.com,health,US,196
mayoclinic.org,health,US,197
helsenorge.no,health,NO,198
sundhed.dk,health,DK,199
1177.se,health,SE,200
yahoo.com,tech,US,201
ebay.com,e-commerce,US,202
tumblr.com,social_media,US,203
whatsapp.com,social_media,US,204
telegram.org,social_media,EU,205
sueddeutsche.de,news,DE,206
lefigaro.fr,news,FR,207
ilsole24ore.com,news,IT,208
larazon.es,news,ES,209
dailymail.co.uk,news,UK,210
asos.de,e-commerce,DE,211
zara.com,e-commerce,ES,212
hbogo.com,entertainment,US,213
crunchyroll.com,entertainment,US,214
sky.de,entertainment,DE,215
stanford.edu,education,US,216
imperial.ac.uk,education,UK,217
tu-berlin.de,education,DE,218
ens.psl.eu,education,FR,219
upc.edu,education,ES,220
ec.europa.eu,government,EU,221
senat.fr,government,FR,222
camera.it,government,IT,223
boe.es,government,ES,224
parliament.uk,government,UK,225
creditsuisse.com,finance,CH,226
societegenerate.fr,finance,FR,227
abn-amro.nl,finance,NL,228
mps.it,finance,IT,229
caixabank.com,finance,ES,230
klm.com,travel,NL,231
eurowings.com,travel,DE,232
transavia.com,travel,FR,233
norwegian.com,travel,NO,234
tap.pt,travel,PT,235
linkedin.de,employment,DE,236
totaljobs.com,employment,UK,237
cadremploi.fr,employment,FR,238
jobrapido.com,employment,IT,239
trabajar.com,employment,ES,240
doctolib.de,health,DE,241
nhs.co.uk,health,UK,242
healthline.com,health,US,243
farmaciaonline.it,health,IT,244
farmaciasdirect.com,health,ES,245
gumtree.com,marketplace,UK,246
milanuncios.com,marketplace,ES,247
ricardo.ch,marketplace,CH,248
tori.fi,marketplace,FI,249
dba.dk,marketplace,DK,250
zeit.de,news,DE,251
france24.com,news,FR,252
rainews.it,news,IT,253
europapress.es,news,ES,254
sky.com,news,UK,255
mango.com,e-commerce,ES,256
decathlon.de,e-commerce,DE,257
veepee.com,e-commerce,FR,258
eprice.it,e-commerce,IT,259
bol.de,e-commerce,DE,260
paramount.com,entertainment,US,261
maxdome.de,entertainment,DE,262
france.tv,entertainment,FR,263
mediasetplay.it,entertainment,IT,264
atresplayer.com,entertainment,ES,265
harvard.edu,education,US,266
ucl.ac.uk,education,UK,267
rwth-aachen.de,education,DE,268
sciencespo.fr,education,FR,269
unibo.it,education,IT,270
ladfranceconnect.gouv.fr,government,FR,271
agenziaentrate.gov.it,government,IT,272
agenciatributaria.es,government,ES,273
belastingdienst.nl,government,NL,274
elster.de,government,DE,275
triodos.com,finance,NL,276
belfius.be,finance,BE,277
mediolanum.it,finance,IT,278
kutxabank.com,finance,ES,279
n26.de,finance,DE,280
britishairways.com,travel,UK,281
condor.com,travel,DE,282
corsair.fr,travel,FR,283
volotea.com,travel,ES,284
finnair.com,travel,FI,285
xing.com,employment,DE,286
hays.com,employment,UK,287
apec.fr,employment,FR,288
experteer.com,employment,DE,289
manpower.com,employment,US,290
clevelandclinic.org,health,US,291
netdoktor.at,health,AT,292
gezondheid.be,health,BE,293
terveyskirjasto.fi,health,FI,294
thuisarts.nl,health,NL,295
craigslist.org,marketplace,US,296
blocket.se,marketplace,SE,297
finn.no,marketplace,NO,298
olx.pl,marketplace,PL,299
sahibinden.com,marketplace,TR,300
bing.com,tech,US,301
aliexpress.com,e-commerce,CN,302
signal.org,social_media,US,303
viber.com,social_media,EU,304
wechat.com,social_media,CN,305
faz.net,news,DE,306
nouvelobs.com,news,FR,307
ilmessaggero.it,news,IT,308
elconfidencial.com,news,ES,309
mirror.co.uk,news,UK,310
wish.com,e-commerce,US,311
lidl.de,e-commerce,DE,312
boulanger.com,e-commerce,FR,313
mediaworld.it,e-commerce,IT,314
elcorteingles.pt,e-commerce,PT,315
peacocktv.com,entertainment,US,316
prosieben.de,entertainment,DE,317
molotov.tv,entertainment,FR,318
raiplay.it,entertainment,IT,319
mitele.es,entertainment,ES,320
yale.edu,education,US,321
kcl.ac.uk,education,UK,322
tum.de,education,DE,323
polytechnique.edu,education,FR,324
uam.es,education,ES,325
data.gov.uk,government,UK,326
service-civique.gouv.fr,government,FR,327
inps.it,government,IT,328
seg-social.es,government,ES,329
cbs.nl,government,NL,330
ubs.com,finance,CH,331
ing.nl,finance,NL,332
credem.it,finance,IT,333
bankinter.com,finance,ES,334
dkb.de,finance,DE,335
swiss.com,travel,CH,336
aegeanair.com,travel,GR,337
brusselsairlines.com,travel,BE,338
lot.com,travel,PL,339
aeroflot.com,travel,RU,340
michaelpage.com,employment,UK,341
guliver.de,employment,DE,342
regionsjob.com,employment,FR,343
subito.it.jobs,employment,IT,344
tecnoempleo.com,employment,ES,345
medlineplus.gov,health,US,346
gesundheitsinformation.de,health,DE,347
ameli.fr,health,FR,348
salute.gov.it,health,IT,349
sanidad.gob.es,health,ES,350
vinted.de,marketplace,DE,351
anibis.ch,marketplace,CH,352
custojusto.pt,marketplace,PT,353
bazos.cz,marketplace,CZ,354
gratka.pl,marketplace,PL,355
handelsblatt.de,news,DE,356
leparisien.fr,news,FR,357
ilgiornale.it,news,IT,358
abc.net.au,news,AU,359
reuters.com,news,US,360
notino.de,e-commerce,DE,361
showroomprive.com,e-commerce,FR,362
yoox.com,e-commerce,IT,363
spartoo.com,e-commerce,FR,364
galaxus.ch,e-commerce,CH,365
discoveryplus.com,entertainment,US,366
tvnow.de,entertainment,DE,367
salto.fr,entertainment,FR,368
timvision.it,entertainment,IT,369
filmin.es,entertainment,ES,370
columbia.edu,education,US,371
ed.ac.uk,education,UK,372
hu-berlin.de,education,DE,373
dauphine.psl.eu,education,FR,374
sapienza.it,education,IT,375
bmg.bund.de,government,DE,376
diplomatie.gouv.fr,government,FR,377
esteri.it,government,IT,378
exteriores.gob.es,government,ES,379
government.nl,government,NL,380
postbank.de,finance,DE,381
creditagricole.fr,finance,FR,382
bancapopolare.it,finance,IT,383
abanca.com,finance,ES,384
kbc.be,finance,BE,385
wizzair.com,travel,HU,386
pegasus.com.tr,travel,TR,387
icelandair.com,travel,IS,388
sas.se,travel,SE,389
luxair.lu,travel,LU,390
jobteaser.com,employment,FR,391
karriere.at,employment,AT,392
jobs.ch,employment,CH,393
pracuj.pl,employment,PL,394
jobnet.dk,employment,DK,395
patientlikeame.com,health,US,396
aponet.de,health,DE,397
doctoralia.com,health,ES,398
miodottore.it,health,IT,399
kry.se,health,SE,400
dropbox.com,tech,US,401
target.com,e-commerce,US,402
line.me,social_media,JP,403
weibo.com,social_media,CN,404
vk.com,social_media,RU,405
stern.de,news,DE,406
lci.fr,news,FR,407
quotidiano.net,news,IT,408
elperiodico.com,news,ES,409
metro.co.uk,news,UK,410
bestbuy.com,e-commerce,US,411
saturn.de,e-commerce,DE,412
darty.com,e-commerce,FR,413
euronics.it,e-commerce,IT,414
worten.pt,e-commerce,PT,415
appletv.apple.com,entertainment,US,416
rtl.de,entertainment,DE,417
tf1.fr,entertainment,FR,418
la7.it,entertainment,IT,419
telecinco.es,entertainment,ES,420
princeton.edu,education,US,421
lse.ac.uk,education,UK,422
kit.edu,education,DE,423
hec.edu,education,FR,424
uc3m.es,education,ES,425
whitehouse.gov,government,US,426
bmwi.de,government,DE,427
economie.gouv.fr,government,FR,428
mef.gov.it,government,IT,429
hacienda.gob.es,government,ES,430
traderepublic.com,finance,DE,431
boursorama.com,finance,FR,432
fineco.it,finance,IT,433
openbank.es,finance,ES,434
bunq.com,finance,NL,435
flixbus.com,travel,DE,436
ouigo.com,travel,FR,437
italo.it,travel,IT,438
renfe.com,travel,ES,439
eurostar.com,travel,EU,440
workday.com,employment,US,441
adzuna.co.uk,employment,UK,442
meteojob.com,employment,FR,443
monster.it,employment,IT,444
monster.es,employment,ES,445
drugs.com,health,US,446
onmeda.de,health,DE,447
passeportsante.net,health,FR,448
paginemediche.it,health,IT,449
cun.es,health,ES,450
mercadolivre.com.br,marketplace,BR,451
avito.ru,marketplace,RU,452
allegro.cz,marketplace,CZ,453
willhaben.at,marketplace,AT,454
hasznaltauto.hu,marketplace,HU,455
tagesspiegel.de,news,DE,456
bfmtv.com,news,FR,457
fanpage.it,news,IT,458
cope.es,news,ES,459
bloomberg.com,news,US,460
zalando.fr,e-commerce,FR,461
douglas.de,e-commerce,DE,462
yves-rocher.fr,e-commerce,FR,463
feltrinelli.it,e-commerce,IT,464
amazon.es,e-commerce,ES,465
viaplay.com,entertainment,SE,466
nrk.no,entertainment,NO,467
dr.dk,entertainment,DK,468
svtplay.se,entertainment,SE,469
yle.fi,entertainment,FI,470
caltech.edu,education,US,471
warwick.ac.uk,education,UK,472
uni-heidelberg.de,education,DE,473
centralesupelec.fr,education,FR,474
unitn.it,education,IT,475
eda.admin.ch,government,CH,476
regering.se,government,SE,477
regjeringen.no,government,NO,478
stm.fi,government,FI,479
regeringen.dk,government,DK,480
scalable.capital,finance,DE,481
lydia-app.com,finance,FR,482
hype.it,finance,IT,483
evo.es,finance,ES,484
monzo.com,finance,UK,485
ouibus.com,travel,FR,486
blabus.de,travel,DE,487
alsa.es,travel,ES,488
nationalexpress.com,travel,UK,489
vy.no,travel,NO,490
careerbuilder.com,employment,US,491
jobbsafari.se,employment,SE,492
jobindex.dk,employment,DK,493
duunitori.fi,employment,FI,494
nav.no,employment,NO,495
zocdoc.com,health,US,496
jameda.de,health,DE,497
doctoranytime.gr,health,GR,498
doktorsitesi.com,health,TR,499
practo.com,health,IN,500
oracle.com,tech,US,501
wayfair.com,e-commerce,US,502
threads.net,social_media,US,503
bluesky.social,social_media,US,504
nextdoor.com,social_media,US,505
focus.de,news,DE,506
huffingtonpost.fr,news,FR,507
tgcom24.mediaset.it,news,IT,508
ondacero.es,news,ES,509
express.co.uk,news,UK,510
amazon.it,e-commerce,IT,511
mediamarkt.es,e-commerce,ES,512
conrad.de,e-commerce,DE,513
laredoute.fr,e-commerce,FR,514
bol.com.be,e-commerce,BE,515
appletv.com,entertainment,US,516
sat1.de,entertainment,DE,517
m6.fr,entertainment,FR,518
sky.it,entertainment,IT,519
antena3.com,entertainment,ES,520
berkeley.edu,education,US,521
bristol.ac.uk,education,UK,522
fu-berlin.de,education,DE,523
univ-paris1.fr,education,FR,524
ub.edu,education,ES,525
usa.gov,government,US,526
bmi.bund.de,government,DE,527
interieur.gouv.fr,government,FR,528
interno.gov.it,government,IT,529
interior.gob.es,government,ES,530
transferwise.com,finance,UK,531
degiro.com,finance,NL,532
directa.it,finance,IT,533
selfbank.es,finance,ES,534
swissquote.com,finance,CH,535
omio.com,travel,DE,536
rome2rio.com,travel,AU,537
thetrainline.com,travel,UK,538
bahn.de,travel,DE,539
oui.sncf,travel,FR,540
dice.com,employment,US,541
jobsite.co.uk,employment,UK,542
hellojob.fr,employment,FR,543
subito.jobs.it,employment,IT,544
domestika.org,employment,ES,545
everydayhealth.com,health,US,546
apotheken-umschau.de,health,DE,547
e-sante.fr,health,FR,548
humanitas.it,health,IT,549
topdoctors.es,health,ES,550
ebay-kleinanzeigen.de,marketplace,DE,551
shpock.com,marketplace,AT,552
tradera.com,marketplace,SE,553
lbc.co.uk,marketplace,UK,554
segundamano.mx,marketplace,MX,555
n-tv.com,news,DE,556
cnews.fr,news,FR,557
adnkronos.com,news,IT,558
cadenaser.com,news,ES,559
aljazeera.com,news,QA,560
bonprix.de,e-commerce,DE,561
kiabi.com,e-commerce,FR,562
pittarosso.com,e-commerce,IT,563
sprinter.es,e-commerce,ES,564
amazon.nl,e-commerce,NL,565
roku.com,entertainment,US,566
kabel1.de,entertainment,DE,567
nrj.fr,entertainment,FR,568
realtime.it,entertainment,IT,569
flooxer.com,entertainment,ES,570
upenn.edu,education,US,571
manchester.ac.uk,education,UK,572
uni-muenchen.de,education,DE,573
paris-saclay.fr,education,FR,574
unifi.it,education,IT,575
bmj.bund.de,government,DE,576
justice.gouv.fr,government,FR,577
giustizia.it,government,IT,578
mjusticia.gob.es,government,ES,579
justitie.nl,government,NL,580
etoro.com,finance,IL,581
wealthsimple.com,finance,CA,582
moneyfarm.com,finance,IT,583
indexa.com,finance,ES,584
flatex.de,finance,DE,585
kayak.de,travel,DE,586
momondo.com,travel,DK,587
opodo.com,travel,UK,588
govoyages.com,travel,FR,589
edreams.com,travel,ES,590
linkedin.fr,employment,FR,591
bayt.com,employment,AE,592
naukri.com,employment,IN,593
seek.com.au,employment,AU,594
jobstreet.com,employment,SG,595
netdoktor.dk,health,DK,596
1881.no,health,NO,597
medicinenet.com,health,US,598
patient.info,health,UK,599
sanitas.es,health,ES,600
salesforce.com,tech,US,601
overstock.com,e-commerce,US,602
qq.com,social_media,CN,603
kuaishou.com,social_media,CN,604
ok.ru,social_media,RU,605
br.de,news,DE,606
rfi.fr,news,FR,607
open.online,news,IT,608
rtve.es.noticias,news,ES,609
bbc.com,news,UK,610
alternate.de,e-commerce,DE,611
cdiscount.de,e-commerce,DE,612
priceminister.com,e-commerce,FR,613
ibs.it,e-commerce,IT,614
amazon.co.uk,e-commerce,UK,615
funimation.com,entertainment,US,616
vox.de,entertainment,DE,617
culturebox.francetvinfo.fr,entertainment,FR,618
chili.com,entertainment,IT,619
rakuten.tv,entertainment,EU,620
cornell.edu,education,US,621
nottingham.ac.uk,education,UK,622
uni-bonn.de,education,DE,623
insead.edu,education,FR,624
uniroma1.it,education,IT,625
ema.europa.eu,government,EU,626
auswaertiges-amt.de,government,DE,627
ecologie.gouv.fr,government,FR,628
lavoro.gov.it,government,IT,629
empleo.gob.es,government,ES,630
degiro.nl,finance,NL,631
consorsbank.de,finance,DE,632
fortuneo.fr,finance,FR,633
finecobank.com,finance,IT,634
sabadell.com,finance,ES,635
booking.de,travel,DE,636
lastminute.com,travel,UK,637
voyages-sncf.com,travel,FR,638
volagratis.com,travel,IT,639
logitravel.com,travel,ES,640
ziprecruiter.com,employment,US,641
cv-library.co.uk,employment,UK,642
leboncoin-emploi.fr,employment,FR,643
linkedin.it,employment,IT,644
primerempleo.com,employment,ES,645
rxlist.com,health,US,646
vitanet.de,health,DE,647
docteurclic.com,health,FR,648
doveecomemicuro.it,health,IT,649
redaccionmedica.com,health,ES,650
depop.com,marketplace,UK,651
vestiairecollective.com,marketplace,FR,652
catawiki.com,marketplace,NL,653
hood.de,marketplace,DE,654
todocoleccion.net,marketplace,ES,655
morgenpost.de,news,DE,656
ouest-france.fr,news,FR,657
ilfattoquotidiano.it,news,IT,658
vozpopuli.com,news,ES,659
thesun.co.uk,news,UK,660
tchibo.de,e-commerce,DE,661
3suisses.fr,e-commerce,FR,662
mondadoristore.it,e-commerce,IT,663
elgiganten.se,e-commerce,SE,664
verkkokauppa.com,e-commerce,FI,665
hayu.com,entertainment,UK,666
rtlplus.de,entertainment,DE,667
6play.fr,entertainment,FR,668
dplay.it,entertainment,IT,669
orange.es,entertainment,ES,670
uchicago.edu,education,US,671
durham.ac.uk,education,UK,672
uni-freiburg.de,education,DE,673
essec.edu,education,FR,674
unipd.it,education,IT,675
bafa.de,government,DE,676
caf.fr,government,FR,677
agenziademanio.it,government,IT,678
catastro.meh.es,government,ES,679
kadaster.nl,government,NL,680
comdirect.de,finance,DE,681
caissedepargne.fr,finance,FR,682
chebanca.it,finance,IT,683
imaginbank.com,finance,ES,684
nordea.com,finance,FI,685
skyscanner.de,travel,DE,686
liligo.com,travel,FR,687
volagratis.it,travel,IT,688
rumbo.es,travel,ES,689
stenaline.com,travel,SE,690
glassdoor.de,employment,DE,691
jobijoba.com,employment,FR,692
almalaurea.it,employment,IT,693
computrabajo.com,employment,ES,694
roberthalf.com,employment,US,695
ada.com,health,DE,696
qare.fr,health,FR,697
dica33.it,health,IT,698
saludemia.com,health,ES,699
livi.co.uk,health,UK,700
ibm.com,tech,US,701
newegg.com,e-commerce,US,702
kakao.com,social_media,KR,703
douyin.com,social_media,CN,704
strava.com,social_media,US,705
rp-online.de,news,DE,706
francetvinfo.fr,news,FR,707
huffingtonpost.it,news,IT,708
diariodesevilla.es,news,ES,709
standard.co.uk,news,UK,710
cdon.com,e-commerce,SE,711
elkjop.no,e-commerce,NO,712
power.dk,e-commerce,DK,713
gigantti.fi,e-commerce,FI,714
leen-bakker.nl,e-commerce,NL,715
britbox.com,entertainment,UK,716
toggo.de,entertainment,DE,717
mycanal.fr,entertainment,FR,718
infinity.it,entertainment,IT,719
flixole.com,entertainment,ES,720
northwestern.edu,education,US,721
st-andrews.ac.uk,education,UK,722
uni-koeln.de,education,DE,723
edhec.edu,education,FR,724
unina.it,education,IT,725
cdc.gov,government,US,726
zoll.de,government,DE,727
impots.gouv.fr,government,FR,728
agenziadelleentrate.gov.it,government,IT,729
dgt.es,government,ES,730
wise.de,finance,DE,731
lcl.fr,finance,FR,732
bancobpm.it,finance,IT,733
liberbank.com,finance,ES,734
handelsbanken.se,finance,SE,735
getbybus.com,travel,HR,736
busbud.com,travel,CA,737
ferry.to,travel,UK,738
directferries.com,travel,UK,739
aferry.com,travel,UK,740
snagajob.com,employment,US,741
s1jobs.com,employment,UK,742
emploi-store.fr,employment,FR,743
cliclavoro.gov.it,employment,IT,744
infoempleo.com,employment,ES,745
verywellhealth.com,health,US,746
barmer.de,health,DE,747
vidal.fr,health,FR,748
auxologico.it,health,IT,749
quironsalud.es,health,ES,750
mercari.com,marketplace,JP,751
letgo.com,marketplace,US,752
kijiji.ca,marketplace,CA,753
mobile.de,marketplace,DE,754
autoscout24.de,marketplace,DE,755
wdr.de,news,DE,756
franceinter.fr,news,FR,757
skytg24.it,news,IT,758
nius.es,news,ES,759
washingtonpost.com,news,US,760
viking.de,e-commerce,DE,761
manomano.fr,e-commerce,FR,762
leroy-merlin.it,e-commerce,IT,763
bricomart.es,e-commerce,ES,764
gamma.nl,e-commerce,NL,765
mubi.com,entertainment,UK,766
tele5.de,entertainment,DE,767
radiofrance.fr,entertainment,FR,768
radiorai.it,entertainment,IT,769
cope.radio,entertainment,ES,770
duke.edu,education,US,771
exeter.ac.uk,education,UK,772
uni-hamburg.de,education,DE,773
univ-lyon1.fr,education,FR,774
unige.it,education,IT,775
destatis.de,government,DE,776
insee.fr,government,FR,777
istat.it,government,IT,778
ine.es,government,ES,779
cbs.gov.il,government,IL,780
swedbank.se,finance,SE,781
dnb.no,finance,NO,782
jyske.dk,finance,DK,783
op.fi,finance,FI,784
erste.at,finance,AT,785
baltictravel.com,travel,LV,786
tallink.com,travel,EE,787
vikingline.com,travel,FI,788
polferries.pl,travel,PL,789
dfds.com,travel,DK,790
cvbankas.lt,employment,LT,791
cvkeskus.ee,employment,EE,792
profesia.sk,employment,SK,793
cvonline.lv,employment,LV,794
myperfectresume.com,employment,US,795
tk.de,health,DE,796
assurance-maladie.fr,health,FR,797
asst-fbf-sacco.it,health,IT,798
fisterra.com,health,ES,799
nettdoktor.no,health,NO,800
cisco.com,tech,US,801
macys.com,e-commerce,US,802
kakaotalk.com,social_media,KR,803
clubhouse.com,social_media,US,804
badoo.com,social_media,EU,805
ndr.de,news,DE,806
europe1.fr,news,FR,807
internazionale.it,news,IT,808
lainformacion.com,news,ES,809
itv.com,news,UK,810
komplett.no,e-commerce,NO,811
proshop.dk,e-commerce,DK,812
jimms.fi,e-commerce,FI,813
azerty.nl,e-commerce,NL,814
cyberport.de,e-commerce,DE,815
standup.com,entertainment,US,816
nitro.de,entertainment,DE,817
europe1.fm,entertainment,FR,818
deejay.it,entertainment,IT,819
movistarplus.es,entertainment,ES,820
carnegiemellon.edu,education,US,821
bath.ac.uk,education,UK,822
uni-goettingen.de,education,DE,823
imt.fr,education,FR,824
polito.it,education,IT,825
nih.gov,government,US,826
umweltbundesamt.de,government,DE,827
ademe.fr,government,FR,828
minambiente.it,government,IT,829
miteco.gob.es,government,ES,830
raiffeisen.at,finance,AT,831
banquepopulaire.fr,finance,FR,832
ubi.it,finance,IT,833
unicajabanco.com,finance,ES,834
seb.se,finance,SE,835
hostelworld.com,travel,IE,836
booking.fr,travel,FR,837
hrs.de,travel,DE,838
trivago.com,travel,DE,839
hoteles.com,travel,ES,840
simplyhired.com,employment,US,841
cwjobs.co.uk,employment,UK,842
indeed.fr,employment,FR,843
indeed.de,employment,DE,844
indeed.es,employment,ES,845
goodrx.com,health,US,846
dak.de,health,DE,847
eurekasante.fr,health,FR,848
issalute.it,health,IT,849
infosalus.com,health,ES,850
poshmark.com,marketplace,US,851
vide-dressing.com,marketplace,FR,852
rebelle.com,marketplace,DE,853
grailed.com,marketplace,US,854
lottiefiles.com,marketplace,EU,855
hessenschau.de,news,DE,856
midilibre.fr,news,FR,857
leggo.it,news,IT,858
heraldo.es,news,ES,859
politico.com,news,US,860
breuninger.com,e-commerce,DE,861
galerieslafayette.com,e-commerce,FR,862
rinascente.it,e-commerce,IT,863
tradeinn.com,e-commerce,ES,864
johnlewis.com,e-commerce,UK,865
crackle.com,entertainment,US,866
welt.tv,entertainment,DE,867
ocs.fr,entertainment,FR,868
now.it,entertainment,IT,869
seriesyonkis.com,entertainment,ES,870
georgetown.edu,education,US,871
leeds.ac.uk,education,UK,872
uni-stuttgart.de,education,DE,873
em-lyon.com,education,FR,874
unipi.it,education,IT,875
bamf.de,government,DE,876
ofpra.gouv.fr,government,FR,877
questure.poliziadistato.it,government,IT,878
extranjeros.gob.es,government,ES,879
ind.nl,government,NL,880
danskebank.dk,finance,DK,881
sparebank1.no,finance,NO,882
aktia.fi,finance,FI,883
bgl.lu,finance,LU,884
bcee.lu,finance,LU,885
thalys.com,travel,EU,886
ouigo.es,travel,ES,887
ntv.it,travel,IT,888
arriva.nl,travel,NL,889
flix.com,travel,DE,890
glassdoor.co.uk,employment,UK,891
expertini.com,employment,EU,892
talent.com,employment,CA,893
jooble.org,employment,UA,894
careerjet.com,employment,UK,895
aok.de,health,DE,896
cnam.fr,health,FR,897
ars.toscana.it,health,IT,898
mscbs.gob.es,health,ES,899
sundhedsguiden.dk,health,DK,900
intel.com,tech,US,901
nordstrom.com,e-commerce,US,902
parler.com,social_media,US,903
gettr.com,social_media,US,904
diaspora.social,social_media,EU,905
mdr.de,news,DE,906
rtl.fr,news,FR,907
tg24.sky.it,news,IT,908
eldiario.es,news,ES,909
channel4.com,news,UK,910
dustin.se,e-commerce,SE,911
multitronic.fi,e-commerce,FI,912
computersalg.dk,e-commerce,DK,913
redcoon.de,e-commerce,DE,914
rueducommerce.fr,e-commerce,FR,915
vudu.com,entertainment,US,916
sixx.de,entertainment,DE,917
cstar.fr,entertainment,FR,918
focus.it,entertainment,IT,919
dmax.es,entertainment,ES,920
nyu.edu,education,US,921
sheffield.ac.uk,education,UK,922
uni-muenster.de,education,DE,923
univ-toulouse.fr,education,FR,924
uniroma3.it,education,IT,925
fda.gov,government,US,926
bfarm.de,government,DE,927
ansm.sante.fr,government,FR,928
aifa.gov.it,government,IT,929
aemps.gob.es,government,ES,930
revolut.de,finance,DE,931
orange-bank.fr,finance,FR,932
widiba.it,finance,IT,933
arquia.com,finance,ES,934
monese.com,finance,UK,935
blablacar.com,travel,FR,936
carpooling.com,travel,DE,937
amtrak.com,travel,US,938
trainose.gr,travel,GR,939
cp.pt,travel,PT,940
theworkfoundation.com,employment,UK,941
emploitic.com,employment,DZ,942
tanqeeb.com,employment,AE,943
wuzzuf.net,employment,EG,944
bestjobs.eu,employment,RO,945
healthgrades.com,health,US,946
ikk.de,health,DE,947
info-radiologie.ch,health,CH,948
fondazioneveronesi.it,health,IT,949
fundaciondelcorazon.com,health,ES,950
offerup.com,marketplace,US,951
5miles.com,marketplace,US,952
bolha.com,marketplace,SI,953
bazos.sk,marketplace,SK,954
ss.lv,marketplace,LV,955
swr.de,news,DE,956
laprovence.com,news,FR,957
gazzettadelsud.it,news,IT,958
diariovasco.com,news,ES,959
bbc.co.uk.news,news,UK,960
intersport.de,e-commerce,DE,961
decathlon.it,e-commerce,IT,962
decathlon.es,e-commerce,ES,963
hema.nl,e-commerce,NL,964
argos.co.uk,e-commerce,UK,965
tubi.tv,entertainment,US,966
kika.de,entertainment,DE,967
lumni.fr,entertainment,FR,968
boing.it,entertainment,IT,969
clan.rtve.es,entertainment,ES,970
brown.edu,education,US,971
birmingham.ac.uk,education,UK,972
tu-dresden.de,education,DE,973
univ-grenoble-alpes.fr,education,FR,974
unict.it,education,IT,975
bka.de,government,DE,976
police-nationale.interieur.gouv.fr,government,FR,977
poliziadistato.it,government,IT,978
policia.es,government,ES,979
politie.nl,government,NL,980
eurobank.gr,finance,GR,981
pko.pl,finance,PL,982
csob.cz,finance,CZ,983
luminor.ee,finance,EE,984
citadele.lv,finance,LV,985
visitlondon.com,travel,UK,986
visitberlin.de,travel,DE,987
parisinfo.com,travel,FR,988
turismoroma.it,travel,IT,989
spain.info,travel,ES,990
linkedin.es,employment,ES,991
linkedin.nl,employment,NL,992
linkedin.se,employment,SE,993
jobborse.de,employment,DE,994
emploi.org,employment,FR,995
knappschaft.de,health,DE,996
mgen.fr,health,FR,997
policlinicogemelli.it,health,IT,998
mapfresalud.es,health,ES,999
zorgwijzer.nl,health,NL,1000
